StartDate,EndDate,Status,IPAddress,Progress,Duration (in seconds),Finished,RecordedDate,ResponseId,RecipientLastName,RecipientFirstName,RecipientEmail,ExternalReference,LocationLatitude,LocationLongitude,DistributionChannel,UserLanguage,Q2,Q150_1,Q150_2,Q150_3,Q96_First Click,Q96_Last Click,Q96_Page Submit,Q96_Click Count,Q155_First Click,Q155_Last Click,Q155_Page Submit,Q155_Click Count,Q72,Q73,Q74,Q75,Q76,Q77,Q78,Q79,Q80,Q81,Q82,Q83,Q84,Q85,Q86,Q87,Q88,Q89,Q90,Q91,Q92,Q158_1,Q158_2,Q158_3,Q161_First Click,Q161_Last Click,Q161_Page Submit,Q161_Click Count,Q160_First Click,Q160_Last Click,Q160_Page Submit,Q160_Click Count,Q6,Q7,Q8,Q9,Q10,Q11,Q12,Q13,Q14,Q15,Q16,Q17,Q18,Q19,Q20,Q21,Q22,Q23,Q24,Q25,Q26,Q145_1,Q145_2,Q145_3,Q153_First Click,Q153_Last Click,Q153_Page Submit,Q153_Click Count,Q154_First Click,Q154_Last Click,Q154_Page Submit,Q154_Click Count,Q28,Q29,Q30,Q31,Q32,Q33,Q34,Q35,Q36,Q37,Q38,Q39,Q40,Q41,Q42,Q43,Q44,Q45,Q46,Q47,Q48,Q165_First Click,Q165_Last Click,Q165_Page Submit,Q165_Click Count,Q140_1,Q140_2,Q140_3,Q140_4,Q140_5,Q140_6,Q140_7,Q140_8,Q140_9,Q140_10,Q140_11,Q140_12,Q140_13,Q140_14,Q140_15,Q140_16,Q140_17,Q140_18,Q140_19,Q140_20,Q140_21,Q140_22,Q140_23,Q140_24,Q140_25,Q140_26,Q140_27,Q140_28,Q140_29,Q140_30,Q74,Q75,Q94,Q93,Q92,Q91,Q90,Q89,Q88,Q87,Q86,Q85,Q84,Q83,Q82,Q81,Q80,Q79,Q78,Q77,Q76,Q138,Q137,Q136,Q135,Q134,Q133,Q132,Q131,Q130,Q129,Q128,Q127,Q126,Q125,Q124,Q123,Q122,Q121,Q120,Q119,Q118,Q117,Q116,Q115,Q114,Q113,Q112,Q111,Q110,Q109,Q108,Q107,Q106,Q105,Q104,Q103,Q102,Q101,Q100,Q99,Q98,Q97,Q144,random
Start Date,End Date,Response Type,IP Address,Progress,Duration (in seconds),Finished,Recorded Date,Response ID,Recipient Last Name,Recipient First Name,Recipient Email,External Data Reference,Location Latitude,Location Longitude,Distribution Channel,User Language,I have read the information above and wish to continue.,"Here is an example of a semantic characteristic task.

 

In the space provided, please fill in one or two properties of the concept that you can think of to which the word refers. Examples of different types of properties would be: physical properties, such as internal and external parts, and how it looks, sounds, smells, feels, or tastes; functional properties, such as what it is used for; where, when and by whom it is used; things that the concept is related to, such as the category that it belongs in; and other facts, such as how it behaves, or where it comes from. - LOST","Here is an example of a semantic characteristic task.

 

In the space provided, please fill in one or two properties of the concept that you can think of to which the word refers. Examples of different types of properties would be: physical properties, such as internal and external parts, and how it looks, sounds, smells, feels, or tastes; functional properties, such as what it is used for; where, when and by whom it is used; things that the concept is related to, such as the category that it belongs in; and other facts, such as how it behaves, or where it comes from. - OLD","Here is an example of a semantic characteristic task.

 

In the space provided, please fill in one or two properties of the concept that you can think of to which the word refers. Examples of different types of properties would be: physical properties, such as internal and external parts, and how it looks, sounds, smells, feels, or tastes; functional properties, such as what it is used for; where, when and by whom it is used; things that the concept is related to, such as the category that it belongs in; and other facts, such as how it behaves, or where it comes from. - ARTICLE",Timing - First Click,Timing - Last Click,Timing - Page Submit,Timing - Click Count,Timing - First Click,Timing - Last Click,Timing - Page Submit,Timing - Click Count,Rain - Sun,Blue - Eye,Steel - Building,Skin - Care,Rocket - Moon,Envelope - Mail,Chapel - Temple,Wear - Dress,Wet - Swim,Fire - Heat,Bowl - Spoon,Freedom - Country,Red - Yellow,Toad - Frog,Flame - Fire,Carpet - Rug,Cottage - Hut,Talk - Speak,Rifle - Gun,Shot - Pain,Saucer - Milk,"Here is an example of a theme creation test.

 

In the space provided, please write down words that you think are thematically related to the provided word. - LOST","Here is an example of a theme creation test.

 

In the space provided, please write down words that you think are thematically related to the provided word. - OLD","Here is an example of a theme creation test.

 

In the space provided, please write down words that you think are thematically related to the provided word. - ARTICLE",Timing - First Click,Timing - Last Click,Timing - Page Submit,Timing - Click Count,Timing - First Click,Timing - Last Click,Timing - Page Submit,Timing - Click Count,Find - Keep,Jail - Crime,Think - Thought,High - School,Food - Drink,Shovel - Fork,Fish - Bowl,Pigeon - Bird,Trumpet - Instrument,Walrus - Sea,Horse - Pony,Brick - Wood,Fence - Gate,Safe - Vault,Green - Red,Skillet - Pan,Soap - Shower,Wash - Bath,Orange - Tangerine,Basketball - Baseball,Inhale - Air,"Here is an example of a free association test.

 

In the space provided, please write the first word that
comes to your mind in response to each of the following words. - LOST","Here is an example of a free association test.

 

In the space provided, please write the first word that
comes to your mind in response to each of the following words. - OLD","Here is an example of a free association test.

 

In the space provided, please write the first word that
comes to your mind in response to each of the following words. - ARTICLE",Timing - First Click,Timing - Last Click,Timing - Page Submit,Timing - Click Count,Timing - First Click,Timing - Last Click,Timing - Page Submit,Timing - Click Count,Doll - Play,Glove - Ball,Cake - Walk,Liar - Thief,Limousine - White,Oil - Car,Camp - Lake,Tear - Cry,Deer - Forest,Cup - Mug,Gold - Jewel,Cage - Zoo,Mud - Dirt,Chair - Stool,Four - Two,Sheep - Lamb,Hawk - Eagle,Tack - Pin,Raspberry - Strawberry,Stove - Oven,Come - Travel,Timing - First Click,Timing - Last Click,Timing - Page Submit,Timing - Click Count,Please arrange the following states in alphabetical order. This page will automatically move on to the next part of the survey after two minutes. Clicking the next button will disqualify you for mTurk approval. - Mississippi,Please arrange the following states in alphabetical order. This page will automatically move on to the next part of the survey after two minutes. Clicking the next button will disqualify you for mTurk approval. - Tennessee,Please arrange the following states in alphabetical order. This page will automatically move on to the next part of the survey after two minutes. Clicking the next button will disqualify you for mTurk approval. - Alabama,Please arrange the following states in alphabetical order. This page will automatically move on to the next part of the survey after two minutes. Clicking the next button will disqualify you for mTurk approval. - North Carolina,Please arrange the following states in alphabetical order. This page will automatically move on to the next part of the survey after two minutes. Clicking the next button will disqualify you for mTurk approval. - Texas,Please arrange the following states in alphabetical order. This page will automatically move on to the next part of the survey after two minutes. Clicking the next button will disqualify you for mTurk approval. - Arkansas,Please arrange the following states in alphabetical order. This page will automatically move on to the next part of the survey after two minutes. Clicking the next button will disqualify you for mTurk approval. - Georgia,Please arrange the following states in alphabetical order. This page will automatically move on to the next part of the survey after two minutes. Clicking the next button will disqualify you for mTurk approval. - Louisiana,Please arrange the following states in alphabetical order. This page will automatically move on to the next part of the survey after two minutes. Clicking the next button will disqualify you for mTurk approval. - South Carolina,Please arrange the following states in alphabetical order. This page will automatically move on to the next part of the survey after two minutes. Clicking the next button will disqualify you for mTurk approval. - Florida,Please arrange the following states in alphabetical order. This page will automatically move on to the next part of the survey after two minutes. Clicking the next button will disqualify you for mTurk approval. - New York,Please arrange the following states in alphabetical order. This page will automatically move on to the next part of the survey after two minutes. Clicking the next button will disqualify you for mTurk approval. - Massachusetts,Please arrange the following states in alphabetical order. This page will automatically move on to the next part of the survey after two minutes. Clicking the next button will disqualify you for mTurk approval. - New Jersey,Please arrange the following states in alphabetical order. This page will automatically move on to the next part of the survey after two minutes. Clicking the next button will disqualify you for mTurk approval. - Vermont,Please arrange the following states in alphabetical order. This page will automatically move on to the next part of the survey after two minutes. Clicking the next button will disqualify you for mTurk approval. - Delaware,Please arrange the following states in alphabetical order. This page will automatically move on to the next part of the survey after two minutes. Clicking the next button will disqualify you for mTurk approval. - Rhode Island,Please arrange the following states in alphabetical order. This page will automatically move on to the next part of the survey after two minutes. Clicking the next button will disqualify you for mTurk approval. - Pennsylvania,Please arrange the following states in alphabetical order. This page will automatically move on to the next part of the survey after two minutes. Clicking the next button will disqualify you for mTurk approval. - Michigan,Please arrange the following states in alphabetical order. This page will automatically move on to the next part of the survey after two minutes. Clicking the next button will disqualify you for mTurk approval. - Ohio,Please arrange the following states in alphabetical order. This page will automatically move on to the next part of the survey after two minutes. Clicking the next button will disqualify you for mTurk approval. - Maine,Please arrange the following states in alphabetical order. This page will automatically move on to the next part of the survey after two minutes. Clicking the next button will disqualify you for mTurk approval. - Nevada,Please arrange the following states in alphabetical order. This page will automatically move on to the next part of the survey after two minutes. Clicking the next button will disqualify you for mTurk approval. - Oregon,Please arrange the following states in alphabetical order. This page will automatically move on to the next part of the survey after two minutes. Clicking the next button will disqualify you for mTurk approval. - Washington,Please arrange the following states in alphabetical order. This page will automatically move on to the next part of the survey after two minutes. Clicking the next button will disqualify you for mTurk approval. - California,Please arrange the following states in alphabetical order. This page will automatically move on to the next part of the survey after two minutes. Clicking the next button will disqualify you for mTurk approval. - Utah,Please arrange the following states in alphabetical order. This page will automatically move on to the next part of the survey after two minutes. Clicking the next button will disqualify you for mTurk approval. - Arizona,Please arrange the following states in alphabetical order. This page will automatically move on to the next part of the survey after two minutes. Clicking the next button will disqualify you for mTurk approval. - Hawaii,Please arrange the following states in alphabetical order. This page will automatically move on to the next part of the survey after two minutes. Clicking the next button will disqualify you for mTurk approval. - Alaska,Please arrange the following states in alphabetical order. This page will automatically move on to the next part of the survey after two minutes. Clicking the next button will disqualify you for mTurk approval. - Montana,Please arrange the following states in alphabetical order. This page will automatically move on to the next part of the survey after two minutes. Clicking the next button will disqualify you for mTurk approval. - Idaho,Find - ______,Jail - ______,Think - ______,High - ______,Food - ______,Shovel - _______,Fish - ______,Pigeon - ______,Trumpet - ______,Walrus - ______,Horse - ______,Brick - ______,Fence - ______,Safe - ______,Green - ______,Skillet - ______,Soap - ______,Wash - ______,Orange - ______,Basketball - ______,Inhale - ______,Doll - ______,Glove  - ______,Cake  - ______,Liar - ______,Limousine - ______,Oil - ______,Camp - ______,Tear - ______,Deer - ______,Cup - _______,Gold - ______,Cage - ______,Mud - ______,Chair - ______,Four - ______,Sheep - ______,Hawk  - ______,Tack - _______,Raspberry - ______,Stove - ______,Come - ______,Rain - ______,Blue - ______,Steel - ______,Skin - ______,Rocket - ______,Shot - ______,Saucer - ______,Envelope - ______,Chapel - ______,Wear - ______,Wet - ______,Fire - _______,Bowl - ______,Freedom - ______,Red - ______,Toad - ______,Flame - ______,Carpet - ______,Cottage - ______,Talk - ______,Rifle - ______,Please enter your mTurk worker id:,random
"{""ImportId"":""startDate"",""timeZone"":""America/Denver""}","{""ImportId"":""endDate"",""timeZone"":""America/Denver""}","{""ImportId"":""status""}","{""ImportId"":""ipAddress""}","{""ImportId"":""progress""}","{""ImportId"":""duration""}","{""ImportId"":""finished""}","{""ImportId"":""recordedDate"",""timeZone"":""America/Denver""}","{""ImportId"":""_recordId""}","{""ImportId"":""recipientLastName""}","{""ImportId"":""recipientFirstName""}","{""ImportId"":""recipientEmail""}","{""ImportId"":""externalDataReference""}","{""ImportId"":""locationLatitude""}","{""ImportId"":""locationLongitude""}","{""ImportId"":""distributionChannel""}","{""ImportId"":""userLanguage""}","{""ImportId"":""QID2""}","{""ImportId"":""QID177_1""}","{""ImportId"":""QID177_2""}","{""ImportId"":""QID177_3""}","{""ImportId"":""QID123_FIRST_CLICK""}","{""ImportId"":""QID123_LAST_CLICK""}","{""ImportId"":""QID123_PAGE_SUBMIT""}","{""ImportId"":""QID123_CLICK_COUNT""}","{""ImportId"":""QID182_FIRST_CLICK""}","{""ImportId"":""QID182_LAST_CLICK""}","{""ImportId"":""QID182_PAGE_SUBMIT""}","{""ImportId"":""QID182_CLICK_COUNT""}","{""ImportId"":""QID72_TEXT""}","{""ImportId"":""QID73_TEXT""}","{""ImportId"":""QID74_TEXT""}","{""ImportId"":""QID75_TEXT""}","{""ImportId"":""QID76_TEXT""}","{""ImportId"":""QID77_TEXT""}","{""ImportId"":""QID78_TEXT""}","{""ImportId"":""QID79_TEXT""}","{""ImportId"":""QID80_TEXT""}","{""ImportId"":""QID81_TEXT""}","{""ImportId"":""QID82_TEXT""}","{""ImportId"":""QID83_TEXT""}","{""ImportId"":""QID84_TEXT""}","{""ImportId"":""QID85_TEXT""}","{""ImportId"":""QID86_TEXT""}","{""ImportId"":""QID87_TEXT""}","{""ImportId"":""QID88_TEXT""}","{""ImportId"":""QID89_TEXT""}","{""ImportId"":""QID90_TEXT""}","{""ImportId"":""QID91_TEXT""}","{""ImportId"":""QID92_TEXT""}","{""ImportId"":""QID185_1""}","{""ImportId"":""QID185_2""}","{""ImportId"":""QID185_3""}","{""ImportId"":""QID188_FIRST_CLICK""}","{""ImportId"":""QID188_LAST_CLICK""}","{""ImportId"":""QID188_PAGE_SUBMIT""}","{""ImportId"":""QID188_CLICK_COUNT""}","{""ImportId"":""QID187_FIRST_CLICK""}","{""ImportId"":""QID187_LAST_CLICK""}","{""ImportId"":""QID187_PAGE_SUBMIT""}","{""ImportId"":""QID187_CLICK_COUNT""}","{""ImportId"":""QID6_TEXT""}","{""ImportId"":""QID7_TEXT""}","{""ImportId"":""QID8_TEXT""}","{""ImportId"":""QID9_TEXT""}","{""ImportId"":""QID10_TEXT""}","{""ImportId"":""QID11_TEXT""}","{""ImportId"":""QID12_TEXT""}","{""ImportId"":""QID13_TEXT""}","{""ImportId"":""QID14_TEXT""}","{""ImportId"":""QID15_TEXT""}","{""ImportId"":""QID16_TEXT""}","{""ImportId"":""QID17_TEXT""}","{""ImportId"":""QID18_TEXT""}","{""ImportId"":""QID19_TEXT""}","{""ImportId"":""QID20_TEXT""}","{""ImportId"":""QID21_TEXT""}","{""ImportId"":""QID22_TEXT""}","{""ImportId"":""QID23_TEXT""}","{""ImportId"":""QID24_TEXT""}","{""ImportId"":""QID25_TEXT""}","{""ImportId"":""QID26_TEXT""}","{""ImportId"":""QID172_1""}","{""ImportId"":""QID172_2""}","{""ImportId"":""QID172_3""}","{""ImportId"":""QID180_FIRST_CLICK""}","{""ImportId"":""QID180_LAST_CLICK""}","{""ImportId"":""QID180_PAGE_SUBMIT""}","{""ImportId"":""QID180_CLICK_COUNT""}","{""ImportId"":""QID181_FIRST_CLICK""}","{""ImportId"":""QID181_LAST_CLICK""}","{""ImportId"":""QID181_PAGE_SUBMIT""}","{""ImportId"":""QID181_CLICK_COUNT""}","{""ImportId"":""QID28_TEXT""}","{""ImportId"":""QID29_TEXT""}","{""ImportId"":""QID30_TEXT""}","{""ImportId"":""QID31_TEXT""}","{""ImportId"":""QID32_TEXT""}","{""ImportId"":""QID33_TEXT""}","{""ImportId"":""QID34_TEXT""}","{""ImportId"":""QID35_TEXT""}","{""ImportId"":""QID36_TEXT""}","{""ImportId"":""QID37_TEXT""}","{""ImportId"":""QID38_TEXT""}","{""ImportId"":""QID39_TEXT""}","{""ImportId"":""QID40_TEXT""}","{""ImportId"":""QID41_TEXT""}","{""ImportId"":""QID42_TEXT""}","{""ImportId"":""QID43_TEXT""}","{""ImportId"":""QID44_TEXT""}","{""ImportId"":""QID45_TEXT""}","{""ImportId"":""QID46_TEXT""}","{""ImportId"":""QID47_TEXT""}","{""ImportId"":""QID48_TEXT""}","{""ImportId"":""QID192_FIRST_CLICK""}","{""ImportId"":""QID192_LAST_CLICK""}","{""ImportId"":""QID192_PAGE_SUBMIT""}","{""ImportId"":""QID192_CLICK_COUNT""}","{""ImportId"":""QID167_1""}","{""ImportId"":""QID167_2""}","{""ImportId"":""QID167_3""}","{""ImportId"":""QID167_4""}","{""ImportId"":""QID167_5""}","{""ImportId"":""QID167_6""}","{""ImportId"":""QID167_7""}","{""ImportId"":""QID167_8""}","{""ImportId"":""QID167_9""}","{""ImportId"":""QID167_10""}","{""ImportId"":""QID167_11""}","{""ImportId"":""QID167_12""}","{""ImportId"":""QID167_13""}","{""ImportId"":""QID167_14""}","{""ImportId"":""QID167_15""}","{""ImportId"":""QID167_16""}","{""ImportId"":""QID167_17""}","{""ImportId"":""QID167_18""}","{""ImportId"":""QID167_19""}","{""ImportId"":""QID167_20""}","{""ImportId"":""QID167_21""}","{""ImportId"":""QID167_22""}","{""ImportId"":""QID167_23""}","{""ImportId"":""QID167_24""}","{""ImportId"":""QID167_25""}","{""ImportId"":""QID167_26""}","{""ImportId"":""QID167_27""}","{""ImportId"":""QID167_28""}","{""ImportId"":""QID167_29""}","{""ImportId"":""QID167_30""}","{""ImportId"":""QID101_TEXT""}","{""ImportId"":""QID102_TEXT""}","{""ImportId"":""QID121_TEXT""}","{""ImportId"":""QID120_TEXT""}","{""ImportId"":""QID119_TEXT""}","{""ImportId"":""QID118_TEXT""}","{""ImportId"":""QID117_TEXT""}","{""ImportId"":""QID116_TEXT""}","{""ImportId"":""QID115_TEXT""}","{""ImportId"":""QID114_TEXT""}","{""ImportId"":""QID113_TEXT""}","{""ImportId"":""QID112_TEXT""}","{""ImportId"":""QID111_TEXT""}","{""ImportId"":""QID110_TEXT""}","{""ImportId"":""QID109_TEXT""}","{""ImportId"":""QID108_TEXT""}","{""ImportId"":""QID107_TEXT""}","{""ImportId"":""QID106_TEXT""}","{""ImportId"":""QID105_TEXT""}","{""ImportId"":""QID104_TEXT""}","{""ImportId"":""QID103_TEXT""}","{""ImportId"":""QID165_TEXT""}","{""ImportId"":""QID164_TEXT""}","{""ImportId"":""QID163_TEXT""}","{""ImportId"":""QID162_TEXT""}","{""ImportId"":""QID161_TEXT""}","{""ImportId"":""QID160_TEXT""}","{""ImportId"":""QID159_TEXT""}","{""ImportId"":""QID158_TEXT""}","{""ImportId"":""QID157_TEXT""}","{""ImportId"":""QID156_TEXT""}","{""ImportId"":""QID155_TEXT""}","{""ImportId"":""QID154_TEXT""}","{""ImportId"":""QID153_TEXT""}","{""ImportId"":""QID152_TEXT""}","{""ImportId"":""QID151_TEXT""}","{""ImportId"":""QID150_TEXT""}","{""ImportId"":""QID149_TEXT""}","{""ImportId"":""QID148_TEXT""}","{""ImportId"":""QID147_TEXT""}","{""ImportId"":""QID146_TEXT""}","{""ImportId"":""QID145_TEXT""}","{""ImportId"":""QID144_TEXT""}","{""ImportId"":""QID143_TEXT""}","{""ImportId"":""QID142_TEXT""}","{""ImportId"":""QID141_TEXT""}","{""ImportId"":""QID140_TEXT""}","{""ImportId"":""QID139_TEXT""}","{""ImportId"":""QID138_TEXT""}","{""ImportId"":""QID137_TEXT""}","{""ImportId"":""QID136_TEXT""}","{""ImportId"":""QID135_TEXT""}","{""ImportId"":""QID134_TEXT""}","{""ImportId"":""QID133_TEXT""}","{""ImportId"":""QID132_TEXT""}","{""ImportId"":""QID131_TEXT""}","{""ImportId"":""QID130_TEXT""}","{""ImportId"":""QID129_TEXT""}","{""ImportId"":""QID128_TEXT""}","{""ImportId"":""QID127_TEXT""}","{""ImportId"":""QID126_TEXT""}","{""ImportId"":""QID125_TEXT""}","{""ImportId"":""QID124_TEXT""}","{""ImportId"":""QID171_TEXT""}","{""ImportId"":""random""}"
2018-03-19 11:50:13,2018-03-19 12:18:06,IP Address,76.18.221.168,100,1672,True,2018-03-19 12:18:06,R_xgCJ5O64UXMgBnr,,,,,30.068893432617,-81.562103271484,anonymous,EN,I agree,misplaced,worn,magazine,269.028,334.811,336.657,6,0,0,27.733,0,40,75,60,55,50,65,70,60,80,65,55,70,40,40,80,70,50,100,90,70,70,found,tired,print,21.727,96.324,124.553,2,0,0,12.348,0,20,25,25,10,38,1,25,30,40,18,20,10,28,15,3,15,20,30,18,30,27,found,age,story,42.648,42.648,55.522,1,0,0,19.359,0,85,75,35,50,30,65,75,80,80,90,65,75,65,80,20,60,70,75,65,90,30,20.403,20.403,120.007,1,11,21,1,15,22,2,6,7,20,5,14,9,13,23,3,19,18,10,16,8,12,17,24,4,25,26,27,28,29,30,keeper,cell,know,speed,plate,fork,bowl,bird,instrument,sea,race,wood,rail,vault,yellow,pan,bath,room,tangerine,baseball,air,play,ball,walk,thief,white,tar,lake,cry,forest,plate,jewelry,zoo,rain,stool,two,lamb,eagle,pin,strawberry,oven,travel,sunny,eye,brick,care,moon,gun,plate,letter,temple,glove,shirt,heat,spoon,country,green,frog,fire,rug,hut,speak,gun,AKZ8SFOAI4RZN,309865625
2018-03-19 12:59:21,2018-03-19 13:45:36,IP Address,98.4.101.202,100,2775,True,2018-03-19 13:45:37,R_2axHPJPOYuaq4oh,,,,,43.10009765625,-79.035797119141,anonymous,EN,I agree,missing,weathered,information,30.107,1839.841,1842.969,5,0,0,12.036,0,10,10,30,20,20,70,75,40,50,70,15,20,50,90,80,100,80,100,80,20,10,"found, looking","young, age","information, item",20.036,49.769,68.583,2,0,0,9.029,0,50,75,100,30,100,10,70,100,65,30,100,50,100,100,100,80,100,70,100,70,85,missing,weathered,newspaper,14.244,62.505,62.845,6,0,0,24.723,0,70,70,40,50,50,75,80,90,45,100,40,70,95,70,30,100,100,65,90,100,30,0,0,120.006,0,13,14,1,18,19,4,8,9,20,7,17,11,16,21,6,22,23,12,24,10,15,25,26,5,27,3,28,2,29,30,Keep,Crime,Thought,School,Drink,Fork,Bowl,Bird,Instrument,Sea,Pony,Steel,Gate,Vault,Blue,Pan,Shower,Bath,Tangerine,Baseball,Air,Play,Hand,Walk,Theif,White,Car,Lake,Cry,Forest,Mug,Jewelry,Zoo,Dirt,Stool,Two,Lamb,Eagle,Pin,Strawberry,Oven,Travel,Sun,Green,Brick,Clean,Moon,Pain,Milk,Mail,Temple,Clothing,Swim,Flame,Spoon,Country,Yellow,Frog,Fire,Rug,Hut,Speak,Gun,A341XKSRZ58FJK,472762268
2018-03-19 15:12:07,2018-03-19 15:34:23,IP Address,24.116.63.171,100,1335,True,2018-03-19 15:34:24,R_3Ok7ZwA10KDicGd,,,,,34.624801635742,-112.42199707031,anonymous,EN,I agree,"unable to be found, somewhere it doesn't belong","looks used up, has experience",sharing of knowledge or news,14.395,193.722,217.371,13,0,0,9.418,0,35,40,75,65,30,70,80,35,85,80,55,80,25,95,100,90,90,95,100,60,40,"found, missing","young, used up, experience, fragile","news, paper, writing",28.267,28.267,76.947,1,0,0,8.212,0,25,35,45,70,70,10,30,90,70,15,30,15,40,40,10,70,40,55,40,55,40,found,young,writing,58.92,63.4,76.95,2,32.528,32.528,37.904,1,70,20,5,40,5,35,40,65,45,90,60,65,90,50,10,65,70,30,85,90,20,116.405,117.284,120.006,2,11,24,1,15,25,4,8,10,23,7,18,12,16,29,6,22,21,13,20,14,17,19,30,5,28,3,26,2,27,9,lost,cage,study,septon,eat,spoon,eat,bird,"instrument ",sea,saddle,wall,sword,microwave,leaf,pan,bath,firefly,tangerine,baseball,smoke,play,boxing,slice,liar,white,car,lake,cry,forest,mug,"jewelry ",jail,dirt,stool,two,lamb,eagle,pin,strawberry,oven,from,sun,yellow,building,care,moon,disc,pan,mail,temple,watch,dry,flame,spoon,country,blue,frog,fire,clean,hut,speak,gun,AETIZKQNUSBLB,721806494
2018-03-19 15:17:48,2018-03-19 15:38:40,IP Address,138.128.245.125,100,1251,True,2018-03-19 15:38:40,R_1OOE4vi5g1XZZ7X,,,,,40.752807617188,-73.972503662109,anonymous,EN,I agree,sound,smells,feel,4.318,4.318,131.845,1,0,0,2.293,0,45,25,45,65,35,50,35,45,45,85,65,25,65,45,15,85,65,85,25,65,85,missing,good,forest,2.091,2.091,497.675,1,0,0,26.465,0,85,65,35,35,45,65,85,65,45,75,75,85,25,75,50,62,85,85,45,85,45,missing,old,cold,2.394,2.394,144.297,1,0,0,1.472,0,35,55,45,45,65,25,51,45,25,52,25,75,75,65,65,36,45,53,55,85,65,0,0,120.017,0,1,3,4,6,7,8,5,9,10,2,11,12,13,14,15,16,17,18,21,22,23,24,25,26,27,28,29,20,19,30,rounv,nice,good,good,rice,treat,jaskdjffksadjf,eagle,panic,nice,run,adna,great,jasdfjasdkdfj,stone,ballcnket,water,hands,sjsdjf,done,good,jsaddfkjasd,sand,cookie,think,jasdfkasdjkf,water,fire,bear,blood,saucher,stone,gone,snaand,stte,five,good,howl,pant,nice,fire,think,great,great,ste,kjfkasdj,jasdkfjaskdfj,jkasdjfkadj,jksadfjaskdfj,good,sand,super,jadkfjasdkdfj,nice,water,sourcew,jkasdjk,vewry well,fire,blanket,good,news,good,A1AREBIHWPXTU3,813298116
2018-03-19 15:27:00,2018-03-19 15:42:31,IP Address,67.2.51.123,100,931,True,2018-03-19 15:42:32,R_AAtH0JIkmxUoXOV,,,,,40.587005615234,-111.98780059814,anonymous,EN,I agree,"hidden, out of sight,","aged, ","words, paper, magazines",77.49,144.469,145.364,6,0,0,17.006,0,25,10,70,75,10,70,80,80,95,97,65,70,0,80,99,98,80,100,85,90,60,"wallet, money","person, painting, artifact","paper, newpaper",27.352,59.645,74.958,4,0,0,18.956,0,60,78,70,45,35,0,90,90,75,20,25,10,50,75,1,80,50,70,20,10,70,child,person,paper,37.167,37.167,48.643,1,0,0,18.685,0,20,15,60,50,2,70,90,90,80,80,65,80,90,20,50,80,70,90,75,95,10,16.998,117.785,120.031,7,12,22,1,16,23,3,7,8,21,6,15,10,14,25,5,20,19,11,17,9,13,18,26,4,24,2,27,28,29,30,keep,crime,thought,school,drink,fork,bowl,bird,instrument,sea,pony,wood,gate,vault,red,pan,shower,bath,tangerine,baseball,air,play,ball,walk,theif,white,canvas,river,cry,forest,mug,jewlel,bird,dirt,stool,two,lamb,eagle,pin,strawberry,oven,travel,sun,green,wool,care,moon,pain,bowl,mail,temple,dress,swim,flames,spoon,rings,green,frog,heat,rug,hut,speak,gun,A2OFN0A5CPLH57,869218061
2018-03-19 16:53:02,2018-03-19 17:05:48,IP Address,138.128.243.206,100,766,True,2018-03-19 17:05:49,R_t0dshNj9mMaJgNb,,,,,40.714294433594,-74.005996704102,anonymous,EN,I agree,Lost the cells at olderly,300 years,,56.817,95.736,100.611,4,0,0,2.964,0,50,75,55,45,65,50,75,45,60,85,90,65,75,75,80,15,50,60,70,50,95,,,,1.454,67.36,68.216,2,2.103,2.103,2.35,1,70,56,85,50,20,40,90,90,30,75,85,50,50,65,20,85,70,80,90,85,95,hair,teeth,easy,3.694,7.382,144.54,2,0,0,4.414,0,80,40,80,70,50,95,30,40,70,90,50,50,90,60,50,40,80,60,90,70,40,2.396,6.181,120.019,3,7,10,1,8,12,3,6,15,16,17,11,18,14,19,5,9,13,20,21,22,23,24,29,4,25,26,27,2,28,30,,,,,,,,,,,,,,,,rod,,,,,,,,ice,,,,,,,,ring,,,,,,,,,,,,,body,,,,,,,,,,,,,,rights,,,,,A1ALU9NOW3R98V,221970617
2018-03-19 16:51:26,2018-03-19 18:05:21,IP Address,23.126.177.129,100,4434,True,2018-03-19 18:05:22,R_2AZ4ptCTkAgzmf6,,,,,37.442901611328,-122.15139770508,anonymous,EN,I agree,"misplaced, missing, can't be found","worn, used","item, information",30.792,68.889,70.851,5,0,0,7.79,0,50,60,75,75,60,70,50,80,95,70,70,50,80,90,99,90,90,80,90,70,40,"found, missing","ancient, aged, senior, used, new, ","newspaper, clothing, internet",31.209,31.209,78.1,1,0,0,24.556,0,40,60,90,70,99,20,80,90,70,50,80,25,50,70,40,60,80,80,70,60,70,"and found, kids, milk cartons, my keys, ","person, aged, feeling old, ","of clothing, in the news, newspaper, fake news, too much",309.398,309.398,357.599,1,0,0,11.876,0,80,50,60,40,70,75,40,90,90,90,70,80,90,80,50,90,50,60,80,80,30,0,0,120.007,0,15,26,1,20,27,4,8,11,25,7,19,13,18,29,6,24,23,14,21,12,17,22,30,5,28,3,9,2,16,10,lose,house,hard,chair,eat,fork,food,wing,saxophone,ocean,saddle,wood,gate,danger,house,pan,wash,hands,apple,baseball,exhale,play,hand,walk,thief,white,water,fire,eye,forest,mug,jewel,zoo,dirt,stool,square,ewe,eagle,pin,strawberry,oven,here,boots,sky,building,care,ship,put,teacup,package,temple,clothes,wild,flame,plate,country,green,frog,fire,bagger,hut,speak,gun,AVBRJBJONL47I,790679983
2018-03-19 18:52:39,2018-03-19 19:25:19,IP Address,173.21.108.119,100,1959,True,2018-03-19 19:25:19,R_AaFTMp9OSR2gf2F,,,,,30.631103515625,-88.281898498535,anonymous,EN,I agree,age,smell,type,2.096,698.403,712.137,5,8.383,8.383,15.411,1,weather,body,structure,help,space,mailbox,church,clothes,go,melt,"eating, objects",governement,"colors, hue",animal,hot,under feet,live,"verablize, convey",shoot,doctor,drink,unfound,age,clothes,1.189,17.665,34.681,3,0,0,1.472,0,look,building,idea,learn,buy,dig,swim,fly,play,"swim ",ride,build,go,money,color,cook,clean,clean,color,sport,breathe,found,new,clothing,2.581,26.628,33.491,3,0,0,1.261,0,house,catch,fun,steal,ride,ride,fun,sad,hunt,drink,rock,animal,dirty,climb,numbers,animal,bird,1,eat,cook,go,17.984,96.397,121.687,4,4,5,1,3,18,2,6,7,8,9,10,11,12,13,14,15,16,17,19,20,21,22,23,24,25,26,27,28,29,30,keep,prison,do`,pitch,eat,dig,swim,bird,trumbone,whale,mule,lay,wall,house,blue,pan,clean,clean,tangerine,baseball,breathe,house,wear,cook,truth,ride,change,woods,rip,woods,drink,silver,animal,dirty`,sit,five,goat,bird,tic,strawberry,cook,now,dry,green,building,clean,moon,gun,pan,write,sit,clothes,dry,wood,spoon,prison,blue,frog,thrower,rug,house,sing,gun,A3RS7UCO7CQ74R,486230181
2018-03-19 19:55:36,2018-03-19 20:09:53,IP Address,66.231.134.154,100,856,True,2018-03-19 20:09:53,R_2wvHjheeqECHUK1,,,,,29.643295288086,-82.321403503418,anonymous,EN,I agree,not found,years,newspaper,62.657,81.651,108.291,4,12.337,12.337,13.89,1,0,50,65,50,95,100,10,60,90,98,70,25,0,85,100,75,40,100,100,80,0,"missing person ",elderly,newspaper magazine,20.399,37.566,42.016,4,0,0,4.743,0,50,100,80,100,50,0,70,90,90,25,95,10,65,70,30,80,85,50,50,50,90,child,person,newspaper,15.432,40.79,41.464,4,0,0,4.793,0,50,100,40,70,50,50,60,100,50,70,60,90,85,70,49,80,90,70,90,60,10,0,0,120.008,0,13,15,1,16,17,3,8,9,18,7,19,11,20,21,6,22,23,12,24,10,25,26,27,5,28,4,29,2,14,30,keep,house,brain,school,fork,fork,bowl,bird,instrument,sea,pony,wood,gate,haven,yellow,pan,dish,bath,banana,baseball,air,house,mitten,walk,thief,white,car,lake,cry,forest,glass,"jewelry ",zoo,dirt,stool,two,lamb,eagle,tic,strawberry,oven,travel,water,green,building,acne,moon,pain,spoon,mail,church,tear,dry,heat,spoon,rules,yellow,frog,fire,rug,hut,sound,gun,A1OFDSW46O37UT,836362641
2018-03-19 20:11:49,2018-03-19 20:41:25,IP Address,73.79.229.186,100,1775,True,2018-03-19 20:41:25,R_1pPRIpR4FfjkYrb,,,,,40.473403930664,-79.990303039551,anonymous,EN,I agree,state,age,type,117.965,309.277,316.529,6,0,0,15.288,0,50,70,80,80,90,98,65,60,95,100,88,88,77,90,100,90,77,95,90,80,50,area,age,reading,31.724,55.373,62.105,2,0,0,11.06,0,65,95,85,10,85,1,25,85,80,75,20,20,95,90,50,90,50,85,20,40,60,virginity,hag,clothing,50.219,50.219,79.037,1,0,0,29.634,0,75,50,50,80,10,75,80,50,70,80,65,80,85,40,75,75,75,50,80,90,50,0,0,120.017,0,,,,,,,,,,,,,,,,,,,,,,,,,,,,,,,key,criminal,talk,school,drink,fork,bowl,bird,insrument,sea,farm,wood,pole,vault,red,pan,shower,soap,tangerine,baseball,air,play,ball,piece,thief,white,car,lake,cry,forest,mug,jewel,zoo,dirt,stool,two,lamb,eagle,pin,strawberry,oven,vacation,sun,sad,wood,care,moon,pain,milk,mail,temple,shirt,water,heat,fish,country,yellow,frog,fire,rug,hut,yell,gun,AM2KK02JXXW48,262625621
2018-03-19 20:31:37,2018-03-19 20:54:04,IP Address,23.118.225.159,100,1346,True,2018-03-19 20:54:04,R_8wh5FqhqlHQQA1j,,,,,30.002807617188,-95.396301269531,anonymous,EN,I agree,CONFUSED,AGED,BOOK,89.91,553.463,560.101,2,0,0,5.802,0,19,25,50,50,50,90,50,29=0,50,50,50,25,50,100,90,100,100,100,50,50,50,missing,not young,page,37.376,37.376,61.871,1,0,0,2.389,0,50,50,80,50,50,10,50,80,90,19,80,10,50,70,0,90,80,50,90,50,90,"keys, wallet, phone","shoes, woman, man","newspaper, magazine, clothing",0,0,34.366,0,0,0,2.943,0,50,50,50,75,50,50,50,100,50,60,59,50,100,50,50,50,50,100,10,100,50,0,0,120.008,0,13,19,1,18,20,4,6,9,21,22,16,11,15,23,5,24,25,12,26,10,17,27,28,29,30,3,7,2,14,8,keep,crime,thought,chair,order,fork,fry,toed,instrument,sea,apple,wood,gate,bank,blue,pan,bath,bath,tangerine,baseball,air,play,hat,candy,theif,white,car,lake,cry,doe,mug,jewel,zoo,dirt,stool,two,lamb,eagle,tick,strawberry,oven,go,sun,steel,blue,care,moon,shoot,cup,mail,church,tear,bath,flame,spoon,country,yello,tadpole,fire,rug,hut,chat,gun,A2R9OK4M877ZCC,379379106
2018-03-19 20:18:10,2018-03-19 20:56:56,IP Address,23.254.217.30,100,2325,True,2018-03-19 20:56:56,R_1GBq4TYGKwhI4Cy,,,,,47.489105224609,-122.29080200195,anonymous,EN,I agree,,,,59.349,203.296,210.757,4,15.892,51.494,52.618,3,heat,see,things,cream,night star,message,god,cloth,water,hair,eat lemon  with  spoon,city,"colour blue ",sound,water,,bungalow cabin chalet home,sound language,bullet,fever,sugar,missing not found,"age,young",word,25.164,84.364,88.614,4,8.916,20.814,22.05,3,safe,punishment,dream,learning write,juice,song,"fry ","fly ",music song,pinniped,running,bench table,safety,unsafe,tree,roaster cooking pan,water bubble,cloth soap,fruit,play,fly,missing children kids,age young people antique,newspaper print press,39.052,88.529,98.258,4,9.282,11.664,12.869,3,football,air,bakery,knife,colour,drive,enjoy,sade,trees,coffee,diamond,lion,dust,furniture,numbers,water,fly,,red,power,outing,0,0,120.018,0,6,7,2,8,9,4,10,11,12,5,14,15,16,17,18,19,20,21,22,23,24,25,26,27,28,3,13,1,29,30,,,,low,,,,,,,,,,,,,,,,,,,,,,,,,,,curd,,,,,three,,,,,,,,,house,,,,,,,,,water,soup,,,,,,,speech,,A2C1A6AHLP9ARN,331430813
2018-03-19 20:56:21,2018-03-19 21:18:25,IP Address,110.54.178.182,100,1323,True,2018-03-19 21:18:25,R_ub0vyS4uUiSfZ7j,,,,,14.600006103516,121.03329467773,anonymous,EN,I agree,"misplaced ","tough ",words,134.316,187.907,214.656,10,0,0,25.82,0,50,80,86,100,100,100,75,100,20,85,85,65,25,35,95,75,95,50,100,40,25,missing,age,words,29.661,53.929,58.013,5,0,0,8.782,0,5,85,95,50,50,42,50,85,75,20,50,45,95,90,50,90,70,85,50,85,45,found,young,blog,43.728,54.509,63.131,5,0,0,21.155,0,65,75,10,50,15,25,54,75,45,99,85,50,,95,50,21,99,50,50,85,40,41.242,41.242,120.022,1,7,12,1,9,13,2,4,5,10,3,8,6,11,14,15,16,17,18,19,20,21,22,23,24,25,26,27,28,29,30,search,prison,hard,tall,cart,,bowl,bird,instrument,,ride,building,gate,,yellow,pan,hand,hand,brown,court,exhale,barbie,,birthday,cheater,vehicle,tank,fire,cry,hunting,cake,jewelry,bird,,stool,play,,eagle,pin,strawberry,,here,shower,sea,,color,,gun,pan,card,church,clothes,floor,fly,soup,law,blue,frog,fire,red,hut,speak,gun,A5X1KZ9CCHREK,235846140
2018-03-19 21:08:39,2018-03-19 21:34:23,IP Address,107.173.11.151,100,1543,True,2018-03-19 21:34:23,R_BAncqpADoJUKD7z,,,,,42.888397216797,-78.876098632812,anonymous,EN,I agree,SCART NIGHT,THA LOREX,A HOUSE OF HER OWN,26.931,228.132,234.93,10,0,0,20.831,0,86,100,98,89,98,0,0,98,0,69,87,60,100,87,78,60,90,99,90,0,98,TREE WOODS,TABER,FRIGET,27.91,84.29,125.966,3,0,0,3.123,0,98,100,78,89,98,98,78,79,87,78,98,98,87,87,87,98,90,87,29,0,98,FOOT FREST,DOGEY,PETS LIFE,9.252,34.924,39.448,2,0,0,4.87,0,98,0,98,87,0,100,76,67,87,87,98,97,97,57,76,76,89,98,69,76,98,28.584,35.459,120.012,3,18,2,3,9,17,4,10,5,7,6,1,11,8,27,12,13,26,20,19,14,15,24,16,25,21,22,23,28,29,30,MIND,HAILL,PAD,TOWER,LUNCH,TOWER,WATER,BUTTERFLY,PUMPRT,MAEVELUS,DOG,FRICK,HENCE,WAFE,GARDEN,FILLET,WATER,HAND,APPLE,GROUND,VICKS,BOLL,RES,CANTEL,FEAR,BATTERYU,CAR,ARMY,FEAR,FEAR,TEA,SLIVER,CHAMPER,GUD,STOLE,SIX,BED,MIXER,RODE,BLUEBERRY,RESTORE,CAME,TRAIN,RED,BILLDING,CARE,MARS,OUT,SIX,CRY,SHOOS,TEAR,FEET,FLAME,SPUNE,UES FULL,BLUE,ROAD,FIRE,TEMPET,HOUSE,WALK,GUN,AV06T9IONKYFI,731019799
2018-03-19 21:43:45,2018-03-19 21:55:36,IP Address,192.136.229.55,100,710,True,2018-03-19 21:55:36,R_3DtKEyrmRuok2vv,,,,,32.661499023438,-97.169403076172,anonymous,EN,I agree,feelings of fright and sadness,relates to the elderly,publication of news,40.058,40.058,106.321,1,0,0,7.94,0,1,40,70,85,95,95,90,90,95,100,82,75,50,100,100,100,77,100,100,65,70,space,age,clothing,6.249,24.843,31.58,3,0,0,4.709,0,20,66,30,99,80,0,95,85,70,58,44,10,90,95,0,55,88,15,23,34,30,missing,age,paper,42.021,42.587,51.602,2,0,0,11.891,0,55,15,99,15,20,70,10,90,70,85,90,50,90,20,20,30,20,80,40,95,10,0,0,120.008,0,15,26,1,20,27,4,8,11,25,7,19,13,18,29,6,24,23,14,21,12,17,22,30,5,28,3,9,2,16,10,lost,crime,thought,school,drink,fork,bowl,bird,instrument,ocean,pony,wood,gate,vault,red,pan,bath,dry,tangerine,baseball,air,house,hand,walk,criminal,car,car,forest,drop,forest,mug,jewel,zoo,dirt,stool,two,lamb,eagle,pin,strawberry,oven,over,sun,yellow,building,care,moon,gun,milk,mail,temple,clothes,swim,flame,spoon,country,green,frog,heat,rug,hut,speak,gun,A1NYI79LUIBOTP,374387754
2018-03-19 21:35:37,2018-03-19 21:56:58,IP Address,216.134.241.163,100,1280,True,2018-03-19 21:56:58,R_2xEMl99GB1FweRG,,,,,35.873199462891,-92.071701049805,anonymous,EN,I agree,hidden,wrinkled,story,98.917,137.174,142.169,3,0,0,15.94,0,50,25,50,100,100,100,25,100,50,100,100,100,50,50,100,25,25,25,25,100,50,hidden,aged,paper,22.821,22.821,48.985,1,0,0,7.963,0,50,100,50,25,25,0,75,100,100,0,75,0,100,75,0,75,100,75,50,0,100,found,new,item,28.491,36.448,42.602,2,0,0,6.893,0,25,100,100,50,100,50,25,100,50,75,50,50,100,75,0,75,50,0,0,75,0,0,0,120.009,0,11,14,1,12,15,4,8,10,16,7,17,18,19,20,6,21,22,23,13,24,25,26,27,5,28,3,9,2,29,30,seek,crime,study,horse,drink,dig,tank,bird,instrument,sea,back,stone,post,vault,red,pan,wash,soap,tangerine,glove,breathe,house,baseball,walk,thief,white,can,swim,rip,forest,saucer,jewel,pen,dirt,stool,three,lamb,eagle,pin,strawberry,oven,here,sunny,red,building,care,ship,pain,milk,stamp,temple,clothes,swim,heat,spoon,fighter,blue,frog,fire,rug,shed,speak,gun,A1NLW5ZS2WQR35,977753845
2018-03-19 21:55:13,2018-03-19 22:42:50,IP Address,173.25.233.3,100,2856,True,2018-03-19 22:42:50,R_2r8b6pW6Pr2OaSR,,,,,31.512603759766,-84.026100158691,anonymous,EN,I agree,"confused, sad","Wrinkled, spotted","paper, read",4.454,372.266,1914.954,9,1.841,7.084,11.049,5,50,20,50,20,50,75,80,80,90,80,80,20,50,90,95,50,80,100,80,50,35,"confused, bewildered","Elderly, ancient","reading, writing",1.541,55.829,102.009,2,0,0,7.279,0,60,20,50,20,80,5,20,20,30,10,50,20,20,40,20,40,20,80,50,20,60,found,new,clothing,162.66,162.66,171.366,1,0,0,7.652,0,75,80,85,95,5,50,80,95,85,80,90,80,85,75,80,90,95,20,75,100,10,0,0,120.005,0,14,18,1,19,20,4,8,10,21,7,16,12,15,22,6,23,24,13,17,11,25,26,27,5,28,3,29,2,30,9,Keep,Crime,Speak,School,Eat,Dig,Food,Bird,Instrument,Sea,Pony,House,Gate,Vault,Red,Pan,Wash,Bath,Tangerine,Baseball,Air,Play,Ball,Walk,Thief,White,Car,Lake,Cry,Forrest,Mug,Jewels,Zoo,Dirt,Stool,Two,Lamb,Eagle,Pin,Stawberry,Oven,Travel,Sun,Green,Building,Care,Moon,Pain,Milk,Mail,Temple,Dress,Swim,Flame,Spoon,Country,Green,Frog,Fire,Drapes,House,Speak,Gun,A2AWBDW9V1E9KT,291171258
2018-03-19 23:47:04,2018-03-20 00:04:48,IP Address,45.51.69.36,100,1063,True,2018-03-20 00:04:48,R_3IVIjkn8MwADXC2,,,,,33.926895141602,-117.86119842529,anonymous,EN,I agree,"gone, missing","vintage, used","written, words",37.542,37.542,66.68,1,0,0,15.938,0,10,25,75,20,50,75,85,25,75,75,25,50,20,95,100,95,90,100,95,75,50,"not found, gone","vintage, not young","words, knowledge",20.151,21.204,61.443,4,0,0,4.87,0,60,75,95,70,50,75,50,95,95,75,90,40,80,98,20,85,75,80,90,75,85,found,new,words,52.748,52.748,66.59,1,0,0,13.471,0,80,75,25,50,20,70,10,100,98,85,40,80,100,50,25,98,90,85,80,90,10,69.464,107.634,120.006,3,11,25,1,20,26,3,6,7,27,5,19,9,13,29,4,24,23,10,21,8,17,22,30,18,28,2,15,14,12,16,lost,crime,thought,school,drink,spade,bowl,bird,instrument,sea,pony,wood,rail,place,yellow,pan,lard,wet,peel,baseball,air,play,hand,walk,theif,white,car,fire,cry,forest,spoon,jewel,zoo,dirt,table,two,lamb,eagle,pin,strawberry,oven,travel,sun,red,metal,care,ship,pain,bowl,letter,church,dress,swim,flame,spoon,country,green,frog,fire,rug,house,speak,gun,A1JN13098RIE78,382550114
2018-03-20 04:44:34,2018-03-20 04:55:05,IP Address,71.237.202.138,100,630,True,2018-03-20 04:55:05,R_3HSVnSG9VoCylTq,,,,,45.409301757812,-122.67990112305,anonymous,EN,I agree,phone,book,reading,45.492,47.133,57.919,2,7.509,7.509,9.131,1,10,60,60,60,70,80,40,70,100,100,30,100,30,80,90,60,50,100,100,70,30,phone,book,reading,12.182,12.182,31.054,1,0,0,2.902,0,10,90,90,10,70,10,50,50,90,30,50,40,50,80,10,80,70,70,80,40,80,found,new,book,17.808,17.808,31.596,1,0,0,3.664,0,70,20,20,40,10,70,20,90,70,80,80,80,80,50,10,60,70,70,30,90,40,0,0,120.008,0,12,24,3,17,25,4,8,11,26,7,18,13,19,27,6,28,23,14,22,15,20,21,30,5,29,2,9,1,16,10,found,crime,time,school,eat,spoon,fish,eagle,"instrument ",ocean,carrot,block,run,vault,red,cook,clean,soap,"yellow ","glove ","breathe ",face,ball,cake,thief,white,car,lake,cry,forest,mug,jewlery,zoo,dirt,stool,square,lamb,eagle,pin,strawberry,oven,travel,sun,red,building,care,moon,pain,sauce,mail,"alter ",dress,dry,flame,spoon,"country ",yellow,frog,fire,rug,hut,speak,gun,A1USDMJVT10CE4,995789803
2018-03-20 04:38:25,2018-03-20 05:04:28,IP Address,192.210.174.199,100,1562,True,2018-03-20 05:04:29,R_1eE433DPwfEOyih,,,,,42.888397216797,-78.876098632812,anonymous,EN,I agree,money,man,picter,9.399,28.945,35.261,4,0,0,5.375,0,80,55,75,45,80,45,60,60,45,60,100,90,55,60,70,50,80,95,60,45,70,things,man,fruit,7.311,48.398,70.381,7,0,0,4.601,0,40,75,70,70,90,38,60,100,60,60,60,100,40,90,50,80,60,40,,70,80,thing,man,news,11.029,37.257,56.164,4,0,0,6.809,0,90,70,80,70,100,80,60,60,60,90,50,50,80,60,56,100,70,60,80,50,90,0,0,120.008,0,5,6,1,4,10,2,3,8,7,9,11,12,13,14,15,16,17,18,19,20,21,22,30,24,29,25,26,27,28,23,,70,60,,rice,80,80,brids,,,,,70,90,60,60,60,bath,90,90,,60,40,brown,,ups,sunflower,come,60,70,100,50,,60,table,,lamp,70,40,80,,80,80,colour,wood,45,100,50,45,60,,,,80,80,,40,60,40,,100,shal,40,ACH337Q8X1SOI,125015085
2018-03-20 04:32:24,2018-03-20 05:15:33,IP Address,23.95.227.197,100,2589,True,2018-03-20 05:15:34,R_3R3e9br0c3GfzmM,,,,,42.888397216797,-78.876098632812,anonymous,EN,I agree,money,man,picture,12.823,68.606,102.997,3,0,0,16.858,0,78,78,71,80,89,75,93,89,67,78,67,95,86,56,70,75,67,89,67,60,69,score,village,river,10.727,192.879,209.196,12,0,0,15.336,0,any one missing,criminal,idea,education,cool drinks,forks,water,peacock,music,ocean,speed run,tree,all over children go away from gate,safe our life,white,foods,bath,clean,orange tree,team,air conditioner,money,age,newspaper,14.788,49.185,56.189,4,0,0,11.004,0,86,86,67,83,82,98,90,91,89,97,90,89,90,89,99,78,71,76,80,51,69,12.272,14.906,120.021,2,3,8,23,11,5,6,12,7,4,9,1,2,13,14,15,16,17,18,19,10,20,25,26,27,30,28,29,22,21,24,choose,criminal,well,abpve,vegetarian,push,sea water,parrot,drum,settings,speed,wood,friends,comfortable,red,skillet,clean,clean,juice,ball,hale,beautiful,paste,cream,handbag,ups,sunflower,interview,untear,forest,coffee,silver,key,mud,table,two,sleep,hawk,same,strawberry,gas,go,water,white,gate,smooth,satelite,small,plate,index,shoe,safe,net,service,glass,independent,blood,screen,fire,red,screen,speech,unrifle,A1H1EUBEOPVCQZ,169970286
2018-03-20 05:14:57,2018-03-20 05:28:22,IP Address,96.85.40.17,100,804,True,2018-03-20 05:28:22,R_8J3MdWvqJWTesJb,,,,,37.339797973633,-77.458602905273,anonymous,EN,I agree,location,physical,numerical,83.177,153.93,221.44,2,0,0,7.285,0,60,95,70,80,90,90,95,80,90,90,90,80,60,95,90,100,90,100,90,90,70,gone,aged,item,4.559,4.559,31.162,1,0,0,3.925,0,70,80,70,50,90,10,70,50,50,30,80,40,70,90,25,50,70,90,50,20,40,found,new,item,6.816,11.942,59.283,2,0,0,4.464,0,70,50,40,90,30,90,60,80,90,80,90,50,80,80,50,70,80,80,50,50,70,0,0,120.012,0,15,26,1,20,27,4,8,11,25,7,18,13,17,29,6,24,23,14,21,12,19,22,30,5,28,3,9,2,16,10,loose,crime,know,school,eat,fork,bowl,bird,instrument,sea,pony,wood,gate,vault,red,pan,wash,face,tangerine,baseball,air,play,ball,walk,crime,white,car,tent,cry,forest,plate,jewelry,bird,bath,table,two,lamb,eagle,pin,strawberry,pan,travel,sun,bird,building,care,moon,gun,milk,mail,temple,dress,dry,flame,spoon,country,yellow,frog,fire,rug,hut,speak,pistol,A2OVX9UW5WANQE,836883184
2018-03-20 06:05:34,2018-03-20 06:21:10,IP Address,76.30.181.136,100,936,True,2018-03-20 06:21:11,R_2zT85JdNrUJB44W,,,,,29.839004516602,-95.146202087402,anonymous,EN,I agree,forgotten,dusty,paper,41.105,54.305,101.008,3,0,0,12.149,0,30,70,65,90,75,100,90,50,85,100,85,99,0,100,100,100,100,100,100,80,92,"clutter, garbage, trash","nursing home, hospital, sick","newspaper, magazine, computer, printer",29.192,29.195,100.98,2,0,0,23.829,0,100,100,95,85,100,0,100,100,99,45,90,10,100,100,5,100,75,808,50,25,80,found,age,paper,24.462,24.466,39.927,2,0,0,17.341,0,90,95,100,95,100,95,90,100,100,100,60,100,90,100,0,100,100,100,40,100,20,8.838,111.871,120.008,40,14,16,1,17,15,4,8,11,18,7,19,13,20,22,6,21,28,23,24,12,25,26,27,5,29,3,9,2,30,10,keep,crime,thought,school,plate,fork,bowl,bird,instrument,water,pony,wood,gate,valut,red,pan,shower,face,tangerine,baseball,air,house,ball,shop,theif,white,car,lake,cry,forest,mug,jewel,zoo,dirty,stool,two,lamb,eagle,pin,fruit,oven,travel,sun,sky,building,care,space,rifle,cup,mail,temple,dress,swim,hot,spoon,country,green,frog,fire,rug,hut,speak,gun,A1P0XSCJ9XAV74,588340692
2018-03-20 08:18:03,2018-03-20 08:35:46,IP Address,157.32.14.153,100,1062,True,2018-03-20 08:35:47,R_1NE0pNQMSVD3yui,,,,,20.966705322266,72.899993896484,anonymous,EN,I agree,The material that is not with us right now and we want it.,The material that we were having in past but is not new to us right now.,The written sumamry about a certain topic.,69.865,69.865,177.313,1,5.618,5.618,5.991,1,30,10,0,60,50,70,0,50,50,90,50,40,10,40,100,40,40,100,100,10,50,missing,ancient,summary,49.712,49.712,103.239,1,4.356,4.356,4.924,1,10,90,90,10,10,40,40,100,80,50,40,10,70,90,0,40,40,40,70,80,40,Found,New,Essay,3.123,3.123,43.152,1,0,0,2.849,0,0,0,0,0,0,0,0,100,100,100,0,0,100,100,40,100,80,80,100,40,0,0,0,121.88,0,12,15,1,9,14,2,6,7,13,5,8,11,10,21,4,16,17,18,19,20,22,23,24,3,25,26,27,28,29,30,Found,Crime,Thought,school,Drink,Fork,Bowl,Bird,Instruments,Caprus,Stable,Wood,Gate,Vault,Red,Pan,Shower,Bath,Tangerine,Baseball,Air,Beauty,Hand,Take,Thief,White,Bird,Fire,Cry,Bear,Saucer,Silver,Bars,Dirt,Bed,Two,Lamb,Eagle,Shell,Cherrry,Owen,Found,Dance,Red,Bowl,Care,Moon,Gun,Bowl,Mail,Talk,Dress,Swim,Heat,Fish,Country,Blue,Road,Fire,Rug,Hut,Walk,Gun,A366MTQY0JG0EM,282718676
2018-03-20 08:28:13,2018-03-20 08:44:14,IP Address,157.48.123.190,100,961,True,2018-03-20 08:44:15,R_vSQaTGSGwFDL6a5,,,,,17.375305175781,78.474395751953,anonymous,EN,I agree,smells,feels," tastes",104.647,177.948,180.319,9,0,0,19.357,0,60,20,40,80,60,60,40,90,60,50,60,30,50,60,40,40,70,40,30,50,80,fruit,computer,paper work,20.759,58.198,70.273,4,8.862,9.22,12.172,2,55,50,44,55,42,90,30,60,85,60,45,45,50,10,40,50,66,24,52,88,60,"missing, children, kids"," age, antiques, young, people ","newspaper, scandal, print, press",5.887,48.167,56.563,4,0,0,2.095,0,40,80,55,25,62,80,70,55,60,55,62,65,56,85,45,45,45,52,50,45,60,0,0,120.01,0,10,11,1,12,13,4,8,14,15,7,16,17,18,19,6,20,21,22,23,24,25,26,27,5,28,3,9,2,29,30,,Jailer,,low,,,,,,,,Bricks,,,,,box,,,,,,,,,Limousineing,car,,,Deering,,silver,,mude,Table,,,,,,,,,yellow,,,,,,,high,Wearing,Wetting,Fireing,bowled,,white,,,Carpeter,,,,A355PGLV2ID2SX,148162636
2018-03-20 09:00:49,2018-03-20 09:12:58,IP Address,73.150.243.66,100,729,True,2018-03-20 09:13:00,R_2qaTKITSI39D19x,,,,,40.784301757812,-74.805999755859,anonymous,EN,I agree,gone,musty,paper,30.462,39.313,56.355,2,0,0,6.624,0,50,95,75,100,76,96,96,50,95,100,50,45,67,80,100,70,45,100,80,66,55,gone,ancient,"paper ",5.272,5.272,31.428,1,0,0,3.676,0,60,95,76,90,87,12,50,90,80,80,60,15,70,70,50,70,80,60,50,45,79,gone,elderly,news,17.707,54.165,55.464,2,0,0,1.596,0,55,50,100,24,45,80,75,100,70,85,50,100,80,80,80,90,50,90,89,70,26,0,0,120.006,0,13,16,2,17,18,4,7,10,19,20,21,12,15,22,6,23,24,25,26,11,27,28,29,5,30,3,8,1,14,9,keep,crime,thought,school,drink,hoe,bowl,bird,instrument,sea,pony,house,gate,guard,red,pan,wash,soap,peel,baseball,air,play,hands,walk,lie,white,cooking,lake,cry,hunt,cake,jewel,zoo,dirt,stool,two,lamb,eagle,pin,strawberry,oven,travel,umbrella,sea,building,care,moon,gun,milk,mail,temple,dress,rain,flame,fish,country,orange,frog,fire,rug,cheese,speak,gun,A247FJ235YHG9J,742717144
2018-03-20 10:42:00,2018-03-20 10:59:04,IP Address,72.23.176.115,100,1024,True,2018-03-20 10:59:05,R_AoYKOAHM6YoYnyF,,,,,40.07600402832,-79.919403076172,anonymous,EN,I agree,,,,0,0,134.898,0,0,0,8.879,0,10,10,70,20,40,50,100,90,40,100,80,80,10,60,90,100,90,100,100,90,40,missing,age,words,10.85,10.85,31.554,1,0,0,4.277,0,50,20,80,10,5,2,70,80,80,5,50,5,50,60,2,80,20,20,15,5,20,found,person,paper,17.554,17.554,32.434,1,0,0,13.154,0,90,50,50,40,40,10,60,100,70,100,20,50,90,90,5,80,90,100,50,100,5,0,0,120.01,0,15,26,1,20,27,4,8,11,25,7,19,13,18,29,6,24,23,14,21,12,17,22,30,5,28,3,9,2,16,10,keep,crime,thought,school,drink,fork,bowl,bird,instrument,sea,pony,wood,gate,vault,blue,pan,bath,bath,tangerine,baseball,air,play,ball,walk,thief,white,car,lake,cry,forest,mug,jewel,zoo,dirt,stool,two,lamb,eagle,pin,strawberry,oven,travel,sun,eyes,iron,care,moon,pain,cup,mail,temple,dress,swim,flame,fish,country,blue,frog,fire,rug,hut,speak,gun,ACVEFRSUAPSEQ,917695867
2018-03-20 11:00:53,2018-03-20 11:31:17,IP Address,199.96.205.224,100,1823,True,2018-03-20 11:31:17,R_1i4H5AqBmv0f8m6,,,,,34.782302856445,-98.601699829102,anonymous,EN,I agree,Do not know where you are.,Lived many years.,Something written about.,65.919,92.399,109.523,3,0,0,15.416,0,Some days you have rain and some days you have the sun.,The middle of my eye is blue.,Some buildings are made of steel.,"Skin is what covers your body, Care is what you do to things to keep them well.",They used a rocket to go to the moon.,Envelop is to hold papers and the Mail delivers things in an envelop to distant places.,Some places are called a chapel and some are called a temple.,A Dress is what you wear.,When you swim you get wet.,Fire is generated by a lot of heat.,To eat from a bowl you can use a spoon.,In my country we have freedom.,The color red mixed with yellow makes orange.,A toad is small and a frog is larger.,Small flames can turn into big fires.,Carpet has long pieces of cloth sticking out like a rug that is flatter.,Cottage is newer and more modern Hut is old concept with a dirt floor.,Talk and Speak are the same thing.,A Rifle is a long gun.,When you get a shot you feel pain.,You can pour milk in a saucer to feed a cat.,Lost is not knowing where you are.,Aged not young.,Something written.,31.971,62.123,73.033,4,0,0,10.211,0,48,86,70,95,70,40,80,95,69,70,87,56,92,85,35,80,75,78,85,39,95,found,new,particle,30.587,38.61,51.401,3,0,0,5.692,0,75,85,60,78,30,60,47,68,57,75,78,80,90,60,25,50,80,48,47,90,58,93.979,93.979,120.009,1,9,10,1,11,12,4,8,13,14,7,15,16,17,18,6,19,20,21,22,23,24,25,26,5,27,3,28,2,29,30,lost,criminal,thought,low,water,dig,fry,seagull,instrument,ocean,drawn,mortar,gate,box,red,pan,clean,clean,green,baseball,air,hair,box,walk,speak,white,car,tent,rip,trees,mug,ring,free,dirt,stool,two,lamb,eagle,hammer,strawberry,oven,go,sun,eye,building,care,moon,pain,milk,mail,house,clothing,dry,flame,spoon,country,green,frog,fire,rug,cheese,speak,gun,AYSG3J2U3UF1Y,854229411
2018-03-20 11:31:12,2018-03-20 11:48:09,IP Address,174.32.160.171,100,1016,True,2018-03-20 11:48:09,R_1LhVk1mJ0ZdHBUG,,,,,36.165893554688,-86.784400939941,anonymous,EN,I agree,"unable to be found, gone","of age, of little use",paragraph of information,70.096,70.096,145.518,1,0,0,10.649,0,40,60,95,90,62,85,65,90,95,95,90,75,50,60,90,85,50,55,85,98,40,unfound,of age,words of importance,21.031,21.031,60.421,1,0,0,12.335,0,25,40,55,40,70,3,70,70,50,20,42,20,40,10,5,40,45,70,30,60,50,children,man,newspaper,26.227,26.227,66.328,1,0,0,13.824,0,80,95,75,80,90,70,100,100,70,100,85,90,98,100,98,90,90,90,90,99,10,0,0,120.012,0,14,24,1,18,25,3,6,10,23,7,17,11,16,27,8,22,21,13,19,12,15,20,28,5,26,4,9,2,29,30,lost,crime,tal,rise,bowl,spoon,sticks,bird,instrument,sea,pony,house,post,house,blue,pan,shampoo,bath,apple,baseball,air,toy,sock,walk,honest,white,car,lake,cry,forest,saucer,jewel,zoo,dirt,bench,three,lamb,eagle,nail,strawberry,oven,go,sunshine,sky,iron,care,ship,gun,bowl,mail,church,clothes,paint,heat,cup,USA,green,frog,heat,rug,house,yell,gun,A3DFMWYTKJ57L,583665854
2018-03-20 13:56:39,2018-03-20 14:08:33,IP Address,64.203.209.70,100,714,True,2018-03-20 14:08:33,R_3EN35hIB04hc7Rl,,,,,32.438903808594,-80.746597290039,anonymous,EN,I agree,Parts,clothes,paper,11.571,11.571,32.725,1,0,0,13.408,0,80,70,50,50,100,90,75,45,60,80,100,80,15,100,60,100,60,45,50,45,50,found,new,paper,3.051,3.051,38.81,1,0,0,4.2,0,100,50,15,25,90,10,60,80,80,20,80,50,45,40,80,40,60,80,15,10,80,Found,New,Paper,4.46,13.783,31.569,2,0,0,5.375,0,45,45,45,45,5,40,60,80,60,100,40,100,45,50,15,60,80,15,10,80,45,68.188,68.188,120.007,1,13,23,1,19,24,4,8,9,22,7,18,11,17,25,6,21,20,12,14,10,16,15,26,5,27,3,28,2,29,30,Lost,Bird,Thought,Low,Eat,Dig,Swim,Bird,Interments,Zoo,Show,House,Gate,Vault,Red,Pan,Clean,Dry,Fruit,Hoop,Air,House,Ball,Pie,Theif,Wedding,Spill,Summer,Cry,Doe,Sacuer,Silver,Zoo,Dirty,Seat,Golf,Lamb,Bird,Pin,Blueberry,Cook,Here,Shine,Sky,Building,Soft,Sky,Gun,Cup,Mail,Wedding,Clother,Dry,Hot,Spoon,Jail,Bird,Frog,Heat,Rug,Woods,Quiet,Gun,A2BRZKFG6WAVER,150884357
2018-03-20 13:47:25,2018-03-20 14:12:01,IP Address,67.247.162.231,100,1475,True,2018-03-20 14:12:02,R_2Xj8BIOJzy6b5eC,,,,,43.126693725586,-77.731597900391,anonymous,EN,I agree,how it feels,how it looks,how its used,44.103,247.677,293.023,7,0,0,21.432,0,25,50,50,50,50,50,75,75,70,70,75,40,50,80,90,90,90,85,90,50,50,"child, dog, ","woman, man, furniture, ","paper, news, book",24.058,93.371,115.407,3,0,0,10.301,0,65,50,85,25,50,25,50,75,50,50,75,65,60,90,70,95,75,65,70,75,65,missing,lady,paper,10.838,57.313,62.402,5,0,0,12.533,0,75,65,25,65,25,50,75,75,75,90,70,70,75,80,75,80,85,85,75,85,50,10.195,118.697,120.008,8,13,18,1,7,19,4,8,9,17,6,12,10,11,21,5,16,15,14,20,22,23,24,25,26,27,3,28,2,29,30,lose,cage,thought,school,soup,dirt,bowl,bird,instrument,water,pony,steel,gate,vault,blue,pan,wash,soap,red,sport,air,play,baseball,food,theif,white,rig,vacation,cry,forest,mug,"jewelry ",jail,dirt,stool,two,lamb,eagle,pin,strawberry,oven,here,sun,yellow,building,care,moon,pain,cup,mail,temple,dress,swim,flame,fish,country,green,frog,fire,rug,hut,tell,gun,A1FYTTGF0QACU9,728612870
2018-03-20 16:53:40,2018-03-20 17:08:47,IP Address,24.219.126.147,100,906,True,2018-03-20 17:08:47,R_2zAWPSlBjzAftMR,,,,,37.987594604492,-78.608596801758,anonymous,EN,I agree,"location, placement","age, vintage","content, piece",16.122,26.416,58.379,5,0,0,6.145,0,70,35,50,50,60,75,75,60,70,70,70,65,30,90,95,75,90,95,75,45,40,"missing, found","new, young","story, clothing",19.867,19.867,35.126,1,0,0,3.061,0,50,95,90,50,90,30,35,95,75,70,95,30,80,35,50,86,75,70,60,50,90,"found, sea","dirty, new","clothing, newspaper",44.351,44.355,71.373,2,0,0,5.006,0,40,86,45,70,40,60,50,80,65,80,60,50,70,30,50,75,55,60,65,70,10,71.734,91.377,121.278,2,15,26,1,20,28,4,9,11,25,6,19,13,17,29,7,24,23,14,21,12,18,22,30,5,27,3,8,2,16,10,keep,crime,tank,low,drink,fork,bowl,dove,instrument,sea,shoe,wood,gate,vault,red,pan,shower,dry,tangerine,baseball,air,play,ball,walk,thief,white,car,lake,cry,forest,mug,jewels,zoo,dirt,stool,two,lamb,eagle,thumb,strawberry,oven,go,sun,sky,building,soft,moon,pain,milk,letter,temple,jacket,dry,flame,spoon,country,green,frog,fire,rug,hut,phone,gun,A1MURUJBBDJWM6,511142283
2018-03-20 17:44:45,2018-03-20 18:13:56,IP Address,96.3.77.166,100,1750,True,2018-03-20 18:13:57,R_2X1BAnFVSsM37yV,,,,,46.815902709961,-100.70610046387,anonymous,EN,I agree,sad alone,"time ",reading,230.936,342.93,359.036,3,0,0,23.157,0,0,50,50,0,50,90,90,100,100,100,50,50,0,90,100,90,50,100,80,100,10,"alone forgotten, misplaced","aging, used","newspaper, short story",34.101,172.479,211.816,13,0,0,14.964,0,100,100,100,100,100,0,50,100,100,100,50,0,100,100,50,100,100,100,50,50,90,alone,man,book,57.937,57.937,69.164,1,0,0,16.615,0,70,40,20,80,10,80,70,80,60,80,80,70,90,20,20,20,20,10,80,80,0,0,0,120.01,0,11,15,1,14,16,4,8,9,17,7,13,10,12,18,6,19,20,21,22,23,24,25,26,5,27,3,28,2,29,30,lost,crime,tank,times,fight,fork,bowl,bird,band,sea,pony,cement,gate,guard,red,pan,wash,soap,tangerine,baseball,air,play,ball,walk,thief,white,car,lake,cry,forest,mug,jewel,zoo,dirt,stool,two,lamb,eagle,pin,strawberry,oven,here,sun,yellow,building,care,moon,pain,cup,mail,temple,dress,swim,flame,spoon,country,green,frog,fire,rug,hut,speak,gun,A23OWTM4N480J,945859692
2018-03-20 18:35:46,2018-03-20 18:56:50,IP Address,69.23.208.43,100,1264,True,2018-03-20 18:56:51,R_2viVpouEyqyrYcl,,,,,39.357894897461,-87.424499511719,anonymous,EN,I agree,"gone, can't be found","aged, rusted","informative, text",25.122,35.557,78.074,5,0,0,13.507,0,3,5,55,5,10,30,85,50,5,45,5,2,3,99,199,90,75,90,70,40,2,"gone, found","disease, elder","newspaper, magazine",13.031,42.106,42.122,5,0,0,4.467,0,75,90,90,70,75,10,80,90,90,80,90,15,90,90,75,80,80,70,90,90,90,gone,young,clothes,20.364,34.561,37.075,6,0,0,11.263,0,75,60,20,50,75,80,60,90,65,80,70,30,90,75,30,85,75,80,75,80,20,24.874,118.857,120.006,14,13,26,1,18,27,4,8,9,25,7,16,11,15,29,6,24,23,12,21,10,17,22,30,5,28,3,19,2,14,20,lost,theft,thought,jump,drink,fork,bird,bird,instrument,sea,pony,steel,gate,vault,blue,pan,wash,shower,tangerine,baseball,air,play,,walk,thief,white,car,lake,cry,forest,mug,jewel,zoo,dirt,stool,two,lamb,eagle,pin,strawberry,oven,travel,sun,green,building,care,moon,pain,milk,mail,temple,dress,sun,flame,spoon,country,yellow,frog,fire,rug,hut,speak,pistol,A2OXTS31LD48BC,513293625
2018-03-20 19:20:04,2018-03-20 19:42:15,IP Address,174.231.7.9,100,1331,True,2018-03-20 19:42:15,R_1C9EfuIl0209qtM,,,,,40.069793701172,-85.98169708252,anonymous,EN,I agree,"Physical Property,  absence of item","Physical Property, State of Decay","Something in a newspaper, something to read",9.895,206.922,222.011,8,0,0,15.572,0,75,50,80,30,40,70,90,90,75,95,85,80,98,95,90,80,95,95,90,75,20,"can't find, searched, found","sick, feeble, immobile","read, paper, reading glasses",25.786,30.61,107.129,2,0,0,10.29,0,85,98,85,99,98,30,99,75,90,85,75,70,95,65,95,85,98,85,75,60,85,found,gray,clothing,41.304,54.987,76.6,3,0,0,13.551,0,75,93,80,95,70,85,80,85,70,65,99,45,85,40,90,70,55,65,70,80,50,47.557,109.932,120.006,10,10,21,1,13,22,2,6,7,20,5,12,9,11,23,4,19,18,24,14,8,25,17,30,3,29,16,26,15,27,28,Lost,Crime,Talk,Low,Eat,Fork,Bowl,Bird,Instrument,Sea,Pony,Wood,Gate,Vault,Red,Pot,Dish,Shower,Apple,Baseball,Air,Play,Ball,Walk,Thief,White,Car,Lake,Cry,Forrest,Mug,Jewelry,Zoo,Dirt,Table,Five,Goat,Eagle,Pin,Strawberry,Fire,Travel,Sun,Eye,Building,Care,Moon,Gun,Cup,Mail,Temple,Tear,Swim,Flame,Spoon,Country,Yellow,Frog,Fire,Rug,Cheese,Radio,Gun,A1Y6YA93AFCHPY,307810165
2018-03-20 23:41:23,2018-03-20 23:46:43,IP Address,24.20.124.0,100,320,True,2018-03-20 23:46:44,R_2aV3cwSvAsBdHHR,,,,,45.498001098633,-122.77839660645,anonymous,EN,I agree,hgj,hgj,hgj,0.73,1.476,31.031,3,0,0,1.474,0,1,1,1,1,1,1,1,1,1,1,1,1,1,1,1,1,1,1,1,1,1,1,1,1,1.029,1.866,30.948,2,0,0,0.713,0,1,1,1,1,111111,1,1,1,1,1,1,1,1,1,1,1,1,1,1,1,1,1,1,1,0.644,30.662,30.876,6,0,0,0.81,0,1,1,1,1,1,1,1,1,1,1,1,1,,1,1,1,1,1,1,1,1,0,0,120.005,0,1,2,3,4,5,6,7,8,9,11,12,13,14,15,16,10,17,18,19,20,21,22,23,24,25,26,27,28,29,30,1,1,1,1,1,1,1,1,1,1,1,1,1,1,1,1,1,1,1,1,1,1,1,1,1,1,1,1,1,1,1,,1,1,1,11,11,1,1,1,11,1,1,11,,1,1,1,1,1,1,1,1,11,11,1,1,1,1,1,1,1,1,s,731369685
2018-03-20 23:32:10,2018-03-20 23:51:08,IP Address,108.4.73.193,100,1137,True,2018-03-20 23:51:08,R_1qeunLOct9p9R1Q,,,,,37.444900512695,-77.298301696777,anonymous,EN,I agree,"stolen, misplaced","aged, wise","page, letter",73.661,184.666,195.328,11,0,0,12.243,0,40,40,20,10,40,80,60,50,60,60,30,20,40,80,90,90,60,100,70,30,30,"disappeared, gone","aged, ancient","page, document",1.137,28.448,45.609,3,0,0,5.756,0,30,60,80,30,60,50,20,80,80,60,90,50,70,80,50,90,60,80,70,50,40,disappear,elderly,newspaper,3.551,30.021,31.305,5,0,0,7.57,0,40,70,30,40,10,50,70,80,15,40,70,70,80,70,40,50,30,40,30,60,10,4.262,112.031,120.009,8,17,12,1,11,18,4,8,16,19,7,9,13,21,20,6,14,26,23,27,22,24,25,30,5,29,3,15,2,28,10,?,crime,thought,school,drink,fork,bowl,bird,instrument,sea,pony,wood,gate,vault,red,pan,shower,bath,tangerine,baseball,air,play,?,walk,thief,white,car,lake,cry,forest,mug,jewelry,zoo,dirt,stool,two,lamb,eagle,pin,?,oven,travel,sun,?,?,care,moon,pain,milk,mail,temple,?,?,?,fish,country,green,frog,fire,rug,?,speak,gun,A11YS0T8MV3Q7C,892716233
2018-03-21 01:00:10,2018-03-21 01:23:10,IP Address,162.195.226.56,100,1380,True,2018-03-21 01:23:10,R_1174d2Zzub84UWC,,,,,37.645401000977,-95.462997436523,anonymous,EN,I agree,Missing,Aged,Object,59.797,118.605,126.637,3,0,0,12.243,0,15,30,45,25,25,85,85,55,45,70,70,10,95,80,90,95,75,100,95,15,40,"missing, misplaced","aged, deteriorated","book, piece, editorial",23.757,120.436,131.826,10,12.769,15.362,20.127,3,60,85,90,90,80,50,60,95,75,40,99,70,85,99,95,90,70,90,85,80,75,"cause, wages, time, money","man, women, people","magazine, newspaper, journal, proceedings",37.488,75.801,113.901,3,12.321,14.762,22.726,3,65,50,35,60,25,45,30,95,30,95,80,60,80,85,70,85,90,95,65,95,20,36.824,57.832,120.009,2,14,23,1,19,24,4,8,10,22,7,18,25,17,30,6,27,28,12,20,11,16,21,26,5,29,3,13,2,15,9,lost,criminal,ponder,low,eat,fork,swim,dove,instrument,sea,pony,stone,gate,vault,yellow,pan,shower,soap,tangerine,baseball,air,play,ball,pie,thief,car,car,lake,cry,forest,mug,"jewelry ",zoo,dirt,stool,two,lamb,eagle,pin,strawberry,oven,trip,sun,green,building,care,moon,hurt,bowl,letter,church,tear,swim,heat,spoon,coutry,yellow,frog,fire,rug,hut,speak,gun,A1N8TKTLXV92QR,331778404
2018-03-21 01:22:09,2018-03-21 01:51:46,IP Address,173.149.185.54,100,1776,True,2018-03-21 01:51:46,R_eXKM5oxlLHlfaDf,,,,,29.770904541016,-95.407203674316,anonymous,EN,I agree,misplaced,age,paragraph,99.831,211.86,212.063,34,15.767,15.767,20.323,1,80,50,10,0,100,100,100,70,80,100,100,5,50,100,100,100,100,100,100,20,20,direction,Time,read,17.208,101.787,103.396,17,11.312,12.254,14.488,2,0,90,90,0,10,0,50,100,,20,10,0,80,100,100,100,60,80,0,10,20,wander,man,read,35.34,78.516,88.743,12,8.724,8.724,11.523,1,100,45,40,0,15,20,60,100,40,90,70,60,100,30,0,100,30,100,70,90,5,14.671,115.052,120.015,41,12,9,1,7,10,3,6,11,8,5,13,14,15,16,17,18,19,20,21,22,23,24,25,26,27,4,28,2,29,30,Keep,crime,thought,school,drink,fork,water,bird,instrument,sea,Pony,building,gate,vault,red,pan,wash,clean,tangerine,football,air,play,ball,walk,thief,white,car,lake,Cry,forest,bowl,jewel,zoo,dirt,stool,two,lamb,eagle,pin,strawberry,oven,travel,sun,eye,building,care,moon,Pain,milk,mail,church,clothes,swim,hot,spoon,escape,blue,frog,fire,rug,hut,speak,gun,A2QJZJDCGK0FKR,215497336
2018-03-21 01:59:57,2018-03-21 02:13:13,IP Address,75.85.4.87,100,795,True,2018-03-21 02:13:13,R_2tomYiVcDxJRr07,,,,,21.346893310547,-158.01829528809,anonymous,EN,I agree,"confused, afraid","age, books","newspaper, clothing",51.605,97.144,100.076,7,0,0,18.875,0,0,60,60,20,0,50,80,30,70,70,0,20,60,90,95,90,70,90,70,60,0,"thought, boys","person, books","news, paragraph",16.462,34.918,49.434,4,0,0,3.936,0,90,90,50,80,99,70,90,60,99,70,60,40,80,99,40,90,90,99,99,40,40,"tv show, memory","shoes, parents","bad news, clothes",26.447,26.447,57.351,1,0,0,21.661,0,70,90,90,30,40,40,90,90,60,90,90,90,90,90,60,90,20,90,90,90,20,0,0,120.01,0,14,24,1,18,25,4,8,10,23,7,17,12,16,27,6,22,21,13,19,11,15,20,28,5,26,3,9,2,29,30,lost,crime,speak,school,cake,fork,fry,bird,instrument,ocean,pony,wall,gate,vault,red,pan,dish,dry,fruit,baseball,exhale,play,ball,sweet,thief,white,car,lake,cry,doe,saucer,jewel,zoo,dirt,desk,two,lamb,eagle,pin,strawberry,oven,down,dry,green,building,light,moon,pain,cup,mail,church,tear,dry,flame,spoon,country,yellow,frog,fire,rug,cabin,speak,gun,ADL81BHN53IQ0,776701917
2018-03-21 01:46:34,2018-03-21 02:39:58,IP Address,1.32.88.219,100,3204,True,2018-03-21 02:40:01,R_2zzHy7n8HIItlaW,,,,,5.4111938476562,100.33538818359,anonymous,EN,I agree,"confused ","vintage ",written,18.735,81.596,86.404,4,0,0,11.458,0,both are in the sky,color,structure,take care of,"in space ","letter, mailbox, mailman","Place of worship, building, religion ","clothing, fabric, material, sewn","pool, ocean, pond, lake, river","warmth, burn","used to eat food, kept in the kitchen ","America, independence  ",color,leaps,"hot, burns, warmth ","lays on the floor, fuzzy, furniture ",Type of house,"words, language, mouth  ","weapon, shoots, holds bullets","hurts, ","used to feed kittens ",confused,"vintage, not young, aging ","written, essay, words",60.09,106.307,119.194,3,0,0,22.417,0,"treasure, secret, have, ost, missing","prison, protect, punish, criminals, sentence","mind, learn, brain, ","learn, education, graduate, students","eat, drink, nutrients, ","scoop, pick up, metal, tool",fish bowl,"feathers, cage, fly, eggs","instrument, music, noise, play","mammal, ocean, sea, animal, swim, sea life","animal, ride","buildings, structure, had, house, layer, wood, ","guard, around a house, around a building, secure, kept, keep, in, surrounded.","keep, lock, treasure, protect ",color,"cook, fry, iron, stove, dish, found in the kitchen","wash, clean, bath, dirty","clean, soap, bubbles, shower","fruit, food, healthy, vitemine C, color","sports, games, play","oxygen, breath",find,vintage,written,62.176,71.961,75.325,3,0,0,12.97,0,57,30,64,37,35,68,35,57,50,54,57,35,69,75,57,67,37,36,14,93,74,0,0,120.008,0,9,13,1,11,12,3,8,10,15,7,20,17,22,28,6,26,25,18,23,16,21,24,29,5,27,4,14,2,19,30,keep,crime,thoughts,school,eat,fork,bolw,"egle ",violin,seal,pony,steal,gate,vault,yellow,pan,dish,clean,tangerine,basketball,exhale,plau,ball,walk,theif,white,pianting,lake,cry,forest,mug,"jewlery ",zoo,dirt,stool,three,lamb,elge,pin,strawberries,oven,keep,sun,red,brick,care,moon,pain,milk,mail,temple,cloths,swime,flame,spoon,country,blue,frog,fire,rug,house,speak,gun,A3VRDQJNM1IC0E,755806666
2018-03-21 03:42:43,2018-03-21 03:54:45,IP Address,59.97.52.69,100,721,True,2018-03-21 03:54:46,R_BPcM822xLRikZKF,,,,,10.350006103516,77.950012207031,anonymous,EN,I agree,feeling good,nice,beauty,1.906,1.906,31.57,1,0,0,7.434,0,10,05,9,02,5,11,5,5,22,25,5,50,10,20,5,8,10,5,5,20,10,leaf,chain,laptop,1.727,28.99,34.106,3,0,0,6.651,0,2,10,12,5,25,10,5,5,11,5,2,9,2,10,18,3,25,5,11,8,7,beauty,nature,newspaper,1.632,29.727,31.296,3,0,0,12.082,0,yes,yes,yes,8,5,yes,5,yes,yes,yes,yes,11,5,yes,10,yes,yes,2,10,12,yes,0,0,120.007,0,10,8,2,11,13,3,7,12,14,6,9,15,16,17,5,18,19,20,21,26,25,27,23,4,24,1,22,28,29,30,word,fear,positive,level,donate,yes,eat,cooker,order,well,yes,out,yes,travel,yes,store,yes,yes,fruit,play,yes,nice,pharmacy,cream,yes,beauty,food,down,nothing,yes,mug,silver,yes,water,sitting,digit,yes,yes,yes,eat,cooking,temple,yes,black,yes,yes,satlight,yes,juice,yes,yes,yes,well,water,food,yes,pink,yes,other,nice,beauty,friends,fill,A3KTUKOVGWE9CF,681531113
2018-03-21 05:41:36,2018-03-21 06:15:49,IP Address,66.227.145.155,100,2053,True,2018-03-21 06:15:49,R_1jfvcLQ7XHegCXO,,,,,43.454696655273,-86.34529876709,anonymous,EN,I agree,direction,time,object,13.252,37.935,44.555,4,0,0,8.516,0,50,25,50,50,40,70,90,90,70,90,80,50,90,90,90,70,60,100,100,50,25,wandering,vitnage,newspaper,26.248,45.645,52.38,4,0,0,4.833,0,100,70,100,50,100,25,70,100,100,90,90,50,90,70,100,90,80,100,100,60,100,found,new,read,1204.266,1213.892,1229.746,3,0,0,1.728,0,30,60,20,30,1,30,30,80,20,20,10,20,30,20,10,70,20,40,20,60,1,0,0,120.01,0,11,12,1,13,14,3,8,15,16,7,17,18,19,20,6,21,22,23,24,25,26,27,28,5,29,4,9,2,30,10,lost,crime,thought,loe,eat,fork,swim,bird,instrument,sea,jump,wood,gate,vault,yellow,pan,shower,clothes,tangerine,baseball,air,play,ball,eat,truth,white,care,lake,cry,forest,mug,jewel,zoo,dirt,stool,two,lamb,eagle,pin,strwaberry,oven,travel,wet,green,building,care,moon,pain,milk,mail,temple,dress,rain,heat,spoon,country,green,frog,fire,rug,hut,phone,gun,A3LFB7XLW00Q61,749227930
2018-03-21 07:10:34,2018-03-21 07:24:24,IP Address,98.213.21.48,100,829,True,2018-03-21 07:24:24,R_1CpitKmB5Y3MFAw,,,,,41.358703613281,-89.223197937012,anonymous,EN,I agree,Car,Paper,Written,0.242,105.488,110.214,9,0,0,9.078,0,20,75,85,30,50,95,95,50,75,80,50,25,25,95,95,95,85,100,100,50,70,Found,New,Paper,27.144,35.536,48.198,4,0,0,9.64,0,100,75,1100,100,75,25,90,100,100,50,100,50,90,100,50,100,75,100,95,20,100,Found,Out,Read,0.422,38.862,55.088,6,0,0,7.83,0,25,50,10,50,50,50,60,90,50,80,65,75,70,80,10,70,70,75,75,90,10,0,0,120.112,0,14,23,1,18,24,4,8,10,22,7,17,12,16,25,6,21,20,13,19,11,26,27,28,5,29,3,9,2,30,15,lose,crime,aloud,power,eat,fork,swim,bird,music,ocean,mud,wall,gate,house,red,pan,wash,soak,Tangerine,baseball,exhale,house,compartment,eat,thief,white,car,tent,cry,meat,glass,green,animal,dirt,high,two,lamb,eagle,pin,strawberry,heat,over,drops,yellow,building,touch,moon,glass,milk,mail,mosk,shirt,rain,heat,spoon,america,green,frog,heat,clean,camp,speak,gun,A2BZY06YRWGEDL,411302187
2018-03-21 07:38:40,2018-03-21 07:54:15,IP Address,68.118.237.63,100,935,True,2018-03-21 07:54:16,R_pclvthClEZsRjFL,,,,,42.195495605469,-71.846298217773,anonymous,EN,I agree,dog,clothes,reading,49.181,138.239,148.369,5,0,0,22.394,0,5,80,70,70,20,80,100,79,60,80,50,40,60,80,99,90,80,99,90,45,10,child,used,item,7.497,60.508,62.54,10,0,0,11.684,0,70,50,90,20,50,50,30,90,90,70,80,30,80,90,40,90,80,70,90,80,70,bread,clothes,read,10.542,29.827,31.129,4,0,0,5.736,0,25,35,5,40,0,20,40,50,50,70,40,35,50,30,5,70,10,20,70,55,35,0,0,120.006,0,12,21,1,15,19,4,7,10,24,11,16,13,14,29,6,17,18,20,22,23,25,26,27,5,28,3,8,2,30,9,look,crime,thought,school,eat,fork,ocean,bird,instrument,water,animal,house,rail,block,red,pan,clean,clothes,tangerine,baseball,air,house,hand,walk,gemini,white,gun,ground,rip,forest,bowl,jewel,prison,dirt,stool,five,lamb,eagle,pin,strawberry,cook,stay,sun,sky,building,clean,moon,rifle,milk,letter,temple,clothes,rain,ice,spoon,country,green,frog,fire,rug,hut,speak,gun,A1DY3EW6Q0B5K5,501524565
2018-03-21 07:54:10,2018-03-21 08:30:19,IP Address,184.101.116.89,100,2169,True,2018-03-21 08:30:19,R_bkDQPZKhp2PJxPX,,,,,33.397201538086,-111.78579711914,anonymous,EN,I agree,missing,decay,text,14.77,14.77,1476.134,1,0,0,7.496,0,50,50,60,40,70,90,80,90,70,90,60,80,50,80,100,70,80,100,80,60,50,found,new,word,1.216,28.04,33.383,2,0,0,7.813,0,90,90,100,90,90,60,80,80,90,80,100,80,90,100,70,90,80,90,80,80,90,found,new,read,6.267,6.267,37.326,1,0,0,8.735,0,50,40,30,30,20,60,30,70,20,40,10,30,60,50,30,50,30,40,50,60,20,0,0,121.742,0,15,26,1,20,27,3,8,11,25,7,19,13,18,29,6,24,23,14,21,12,17,22,30,5,28,4,9,2,16,10,keep,crime,thought,school,eat,fork,bowl,bird,instrument,sea,race,wall,gate,vault,blue,pan,bath,bath,tangerine,baseball,air,play,ball,walk,thief,white,car,lake,cry,forest,mug,jewel,zoo,dirt,stool,two,lamb,eagle,pin,strawberry,oven,on,sun,green,building,care,moon,rifle,bowl,mail,temple,dress,water,flame,soup,country,yellow,frog,fire,rug,hut,speak,gun,A35TWG9VW1MB5S,949526184
2018-03-21 09:11:01,2018-03-21 09:22:52,IP Address,108.171.131.189,100,710,True,2018-03-21 09:22:53,R_1H8ED9RayVII0Gl,,,,,41.850006103516,-87.650001525879,anonymous,EN,I agree,tv show,age,type of item,11.133,64.265,72.22,11,3.044,6.124,7.41,8,30,20,40,30,30,70,70,30,60,60,35,10,50,90,90,90,70,85,85,10,10,"found, alone","ancient, new, young","newspaper, magazine, essay",5.477,37.35,42.828,3,0,0,6.386,0,40,90,80,90,80,10,80,90,60,50,90,40,95,70,90,80,95,80,70,80,90,found,age,confederation,13.665,13.665,36.681,1,0,0,7.378,0,30,25,10,20,5,20,10,40,10,40,20,20,40,10,5,50,30,30,10,20,0,0,0,121.043,0,15,26,1,20,27,4,8,11,25,7,19,13,18,29,6,24,23,14,21,12,17,22,30,5,28,3,9,2,16,10,seek,prison,talk,horse,drink,fork,bowl,bird,instrument,sea,mule,house,gate,vault,yellow,pan,dish,dry,yellow,baseball,exhale,play,hand,party,theif,white,car,lake,cry,doe,mug,jewelry,zoo,dirt,stool,two,wolf,eagle,pin,strawberry,oven,leave,sun,green,building,care,moon,gun,milk,mail,temple,carry,swim,flame,fish,country,yellow,frog,fire,rug,hut,speak,gun,AEF74ZYJTTEIA,276365433
2018-03-21 09:25:49,2018-03-21 09:44:42,IP Address,72.182.160.80,100,1132,True,2018-03-21 09:44:42,R_1mPOuaMOx1nYquN,,,,,32.660598754883,-97.02490234375,anonymous,EN,I agree,parts,"rusty ",,25.229,25.229,112.412,1,0,0,10.617,0,70,60,90,90,50,100,80,80,90,90,70,60,40,90,90,70,80,90,90,70,50,"forest,darkness,alone","people,park,world","paper,journal,news",20.722,20.722,40.971,1,0,0,4.645,0,70,70,90,30,60,30,60,90,90,70,80,60,90,90,40,80,90,90,70,80,80,stand,person,news,12.194,12.947,252.654,2,0,0,2.791,0,80,45,45,45,80,80,80,90,90,90,70,90,70,70,30,80,90,70,70,90,45,0,0,120.007,0,12,17,1,15,18,4,8,19,20,7,14,9,13,21,6,22,23,11,16,24,25,26,27,5,28,3,29,2,10,30,take,prison,head,school,dry,dirt,tank,bird,instrument,sea,deer,wood,gate,vault,blue,pan,bath,hands,tangerine,baseball,air,toy,hands,wall,truth,white,car,book,wet,forest,soup,jewlery,zoo,dirt,stool,cook,lamb,bird,wall,strawberry,top,you,drops,green,gate,care,moon,bullet,pan,mail,church,shirt,swim,red,spoon,country,green,frog,fire,rug,cabin,say,gun,A2WYCY1FMQOD5F,197099370
2018-03-21 10:02:40,2018-03-21 10:21:44,IP Address,100.38.240.220,100,1143,True,2018-03-21 10:21:44,R_3Ear9dRaL6G8ypQ,,,,,40.625198364258,-73.945701599121,anonymous,EN,I agree,Status,Age,Reading material,76.996,151.554,174.015,4,12.002,16.876,17.646,2,25,8,15,10,8,65,95,30,18,80,70,7,90,85,98,95,88,95,95,20,8,"found, misplaced, missing","aged, ancient, young, decrepit","writing, op-ed, media",23.058,35.98,74.082,3,0,0,13.887,0,75,90,98,45,88,45,70,90,85,45,95,70,95,95,90,90,75,90,98,70,75,found,new,paper,38.142,38.142,47.769,1,0,0,6.047,0,50,55,8,35,18,35,65,80,50,55,68,70,60,40,25,60,75,45,60,78,10,0,0,120.006,0,14,24,1,18,25,4,8,10,23,7,15,12,17,27,6,22,21,13,19,11,16,20,28,5,26,3,9,2,29,30,lost,crime,thought,school,drink,fork,bowl,bird,instrument,sea,pony,wood,gate,vault,red,pan,shower,basin,tangerine,baseball,air,play,ball,walk,thief,white,car,lake,cry,forest,mug,jewl,zoo,dirt,stool,five,lamb,eagle,pin,strawberry,oven,travel,wet,eye,building,care,moon,pain,cup,mail,temple,dress,swim,flame,spoon,country,yellow,frog,fire,rug,hut,speak,gun,AAASQIW3J32OL,452156517
2018-03-21 12:12:40,2018-03-21 12:46:54,IP Address,108.204.192.242,100,2053,True,2018-03-21 12:46:54,R_Tc7uDLmY3ILz213,,,,,34.340194702148,-89.483299255371,anonymous,EN,I agree,found,new,paper,2.956,82.602,94.908,3,0,0,24.714,0,0,0,100,50,0,100,100,50,100,10,50,100,0,100,100,100,0,100,100,100,0,not found,new,paper,886.576,904.43,904.796,3,0,0,4.466,0,100,100,100,100,100,0,50,100,100,100,0,50,100,100,0,100,50,100,100,50,100,not found,age,newspaper,71.086,71.572,81.604,2,0,0,4.132,0,0,0,0,100,80,100,100,100,50,0,100,100,100,100,50,100,100,50,0,100,0,7.748,112.962,120.204,5,9,10,1,12,13,4,8,14,15,7,16,17,18,19,6,20,21,22,23,24,25,26,27,5,28,3,11,2,29,30,keep,air,thought,low,drink,leg,fry,bird,instrument,sea,sea,rock,gate,wrong,red,pan,towel,clean,tangarine,baseball,air,play,white,walk,thief,white,wet,fire,cry,black,round,silver,close,dry,sofa,five,white,bird,tick,strawberry,oven,go,sun,red,close,care,space,pain,milk,white,church,drop,dry,flame,round,country,green,load,fire,rug,cheese,quiet,gun,AAHZCL4LIPCBQ,230218540
2018-03-21 12:42:24,2018-03-21 12:53:49,IP Address,66.169.154.210,100,684,True,2018-03-21 12:53:49,R_1MYxVOaUAIyYVhm,,,,,32.700698852539,-97.387802124023,anonymous,EN,I agree,unknown,dying,papers,40.562,52.586,57.249,2,11.323,11.323,12.388,1,0,0,0,0,0,100,100,100,0,100,0,0,0,100,100,100,100,0,100,0,0,undiscovered,wrinkles,paper,1.405,40.997,41.341,6,0,0,5.702,0,0,100,0,100,100,0,100,0,0,0,0,0,0,0,0,0,100,100,0,0,0,cause,man,newspaper,66.465,66.465,79.959,1,0,0,23.539,0,89,30,40,10,20,30,40,60,50,40,40,20,60,10,40,50,50,30,40,100,50,0,0,120.011,0,11,27,1,14,28,4,8,9,16,7,12,10,13,29,6,17,15,18,19,20,21,22,30,5,23,3,24,2,25,26,new,prison,thought,mountain,pill,knight,food,bird,band,seal,shoe,wall,gate,guard,red,pan,box,hands,red,sports,breathe,face,hand,food,truth,car,spill,rig,wear,hunting,dish,silver,drill,cup,force,six,deer,eagle,pin,phone,oven,help,drop,sky,metal,care,spaceship,pain,dish,paper,temple,dress,swimming,flame,cup,fighter,blue,stool,fire,rug,farm,voice,gun,A28FMRMS9TMEOZ,673949241
2018-03-21 15:24:49,2018-03-21 15:51:03,IP Address,197.88.32.63,100,1574,True,2018-03-21 15:51:04,R_5suYF1bbX1mdAfn,,,,,-29.13330078125,26.199996948242,anonymous,EN,I agree,missing,elder,"journal ",127.951,173.267,178.802,3,0,0,40.926,0,20,10,20,80,70,80,90,60,80,80,70,50,30,99,100,90,90,100,100,80,40,"loser, confused, hiding.","person, news","object, small, long.",42.142,135.912,204.363,3,0,0,23.557,0,90,90,40,70,70,10,60,90,90,80,80,10,80,50,40,90,90,90,60,60,90,island,museum,newspaper,55.263,78.262,84.323,3,0,0,12.218,0,80,10,10,20,65,30,40,90,60,90,80,40,90,70,20,70,70,70,80,90,20,0,0,120.014,0,5,8,1,7,9,4,10,11,12,13,14,15,16,17,18,19,20,21,22,23,24,25,26,6,27,3,28,2,29,30,Keep,Crime,"Thought ",School,Drink,Fork,Pond,Bird,Instrument,Sea,Pony,Wood,Gate,"Vault ",Blue,Pan,Shower,Clean,Tangerine,Baseball,Air,Play,Ball,Walk,Thief,White,Car,Lake,Cry,Forest,Mug,Jewel,Zoo,Dirt,Stool,Two,Lamb,Eagle,Pin,Strawberry,Oven,Travel,Sun,Eyes,Building,Care,Moon,Pain,Milk,Mail,Tempel,Dress,Swimming,Flame,Spoon,Country,Yellow,Frog,Hot,Rug,Hut,Speech,Gun,A2FKYK9Y927EBQ,393078452
2018-03-21 17:28:46,2018-03-21 17:53:26,IP Address,173.171.28.151,100,1479,True,2018-03-21 17:53:26,R_1H0rEIaJ2FFgXdV,,,,,28.377502441406,-82.500503540039,anonymous,EN,I agree,"missing, ruined","faded, wrinkled, musty","information, piece",158.282,198.788,269.123,2,0,0,25.326,0,20,10,30,5,30,70,80,40,30,70,10,10,40,90,95,90,60,100,95,30,5,"missing, destroyed","aged, faded","news, information",39.228,39.228,88.065,1,0,0,8.592,0,80,100,100,70,95,5,60,100,95,95,80,70,70,80,40,100,90,95,50,40,35,found,ancient,news,65.787,65.787,79.342,1,0,0,19.139,0,10,75,10,15,35,50,80,100,70,65,5,40,40,90,10,70,10,70,10,90,0,0,0,120.003,0,14,24,1,18,25,4,8,10,23,7,17,12,16,27,6,22,21,13,19,11,15,20,28,5,26,3,9,2,29,30,lost,crime,thought,kite,drink,fork,bowl,bird,instrument,sea,pony,wall,gate,vault,blue,pan,wash,soap,tangerine,baseball,air,play,ball,party,thief,white,car,lake,cry,forest,mug,jewel,zoo,dirt,stool,two,lamb,eagle,pin,strawberry,oven,future,sun,green,building,clean,moon,fire,milk,mail,temple,clothes,bath,flame,fork,country,blue,frog,fire,rug,gut,speak,gun,A3OYUJ6E6BJS4H,131353133
2018-03-21 18:14:44,2018-03-21 18:31:19,IP Address,23.112.84.225,100,995,True,2018-03-21 18:31:20,R_1OTeCnPSQLWstHq,,,,,38.62629699707,-121.38279724121,anonymous,EN,I agree,location,age,text,65.464,65.464,93.818,1,0,0,10.234,0,20,30,40,60,40,65,90,50,75,80,60,40,95,90,90,95,90,90,90,75,60,"found, wandering","aged, octagenarian, used","text, words, reading",27.272,27.272,61.057,1,0,0,9.906,0,60,85,96,50,88,45,70,94,90,75,90,80,95,90,90,90,80,90,85,85,80,found,young,news,40.4,57.156,61.848,2,0,0,5.695,0,88,75,80,80,40,60,85,90,80,95,70,85,85,90,95,90,85,90,95,95,80,0,0,120.01,0,13,24,1,18,25,3,6,9,23,5,16,11,15,27,4,22,21,12,19,10,17,20,28,29,26,2,7,30,14,8,lose,crime,thought,school,drink,fork,ocean,dove,violin,sea,mule,wood,gate,vault,blue,pan,wash,clean,green,baseball,breathe,play,mitten,walk,thief,white,car,lake,cry,forrest,mug,jewel,zoo,dirt,stool,five,lamb,eagle,pin,strawberry,oven,travel,shine,eye,rung,care,space,pain,milk,mail,temle,dress,rain,heat,dish,country,gree,frog,fire,rug,house,speak,gun,A3MD34XEB4H6JF,384642728
2018-03-21 18:29:37,2018-03-21 18:44:59,IP Address,104.1.203.52,100,921,True,2018-03-21 18:45:00,R_ZeLHrVOZuGrlpdf,,,,,26.145202636719,-80.172897338867,anonymous,EN,I agree,unfamiliar,"aged, deteriorating ","news, information",17.412,77.906,82.404,7,0,0,7.011,0,25,30,35,20,60,75,70,80,65,60,35,20,70,75,95,85,80,95,90,55,30,"absent, gone","death, elderly","newspaper, magazine, words",14.993,94.867,95.281,7,0,0,7.998,0,70,95,98,80,95,40,75,95,90,90,75,70,85,80,60,85,95,95,80,70,80,found,young,read,13.862,29.252,35.262,2,0,0,35.844,0,45,10,35,15,20,30,30,25,40,80,15,15,80,40,50,90,20,30,55,60,5,0,0,120.01,0,13,23,1,17,24,4,8,9,22,7,16,11,15,26,6,21,20,12,18,10,14,19,27,5,25,2,28,3,29,30,Keep,,,,Drink,Fork,Bowl,Bird,,,,,Gate,Lock,Red,Pan,,,,Baseball,Air,,Ball,,Thief,White,Car,,Cry,,Mug,Bar,Fence,Dirt,Stool,Twin,Lamb,Eagle,Pin,Strawberry,Oven,Travel,Sun,,,Care,Moon,Pain,,Mail,Temple,,,Flame,Spoon,Country,Green,Frog,Fire,,Hut,Speak,Gun,A1601UNFFAAQOI,106417185
2018-03-21 18:51:59,2018-03-21 19:18:16,IP Address,96.81.54.198,100,1576,True,2018-03-21 19:18:16,R_3R4sF8s0ZtS31l7,,,,,39.742797851562,-104.8996963501,anonymous,EN,I agree,"a feeling, a description","a description, an age",something you look at,56.895,62.226,99.833,2,0,0,6.257,0,50,40,45,25,30,60,90,40,40,80,50,30,95,90,94,85,80,98,96,40,10,"found, alone","young, age, antique, vintage","newspaper, reporter, byline, magazine, editor",18.858,38.098,61.819,2,0,0,18.125,0,85,87,97,65,85,20,90,80,82,70,90,70,88,95,80,90,90,90,86,45,70,found,age,read,81.696,81.696,89.299,1,0,0,83.318,0,40,40,20,10,40,60,30,60,40,50,20,20,60,15,15,50,60,20,40,70,2,0,0,120.015,0,9,16,1,12,17,3,6,7,15,5,10,8,11,18,4,14,13,19,20,21,22,23,24,25,26,27,28,2,30,29,found,crime,thought,dry,drink,fork,swim,bird,tuba,sea,pony,wood,gate,vault,red,pan,shower,bath,juice,baseball,air,play,hat,walk,theif,white,car,lake,cry,forest,mug,jewel,zoo,dirt,sofa,two,lamb,eagle,pin,strawberry,oven,travel,wet,eye,building,care,moon,gun,cream,mail,temple,dress,swim,flame,soup,country,green,frog,fire,rug,hut,speak,gun,ACAJFF4MF5S5X,739234596
2018-03-21 22:06:34,2018-03-21 22:38:22,IP Address,68.52.74.172,100,1907,True,2018-03-21 22:38:22,R_3fZ7z8KNq7uMNum,,,,,36.354507446289,-86.762802124023,anonymous,EN,I agree,"Gone, absent","Time, condition",section of writing,177.292,303.854,311.442,5,0,0,15.316,0,"in the sky or comes from sky. found on weather reports, climate 60","eye can be blue, 15","both things, hard material, building may contain steel 60",you care for skin 35,"space, rocket takes you to the moon  40",put in mail box or retrieved from mail box. To send letters and things. 70,"buildings, place of worship, religious, holy places 80","put on body, clothing 60","involves water, you get wet when you swim 40","warm or hot, used to warm bodies or air, used to cook foods. 75","Both things, used for eating, hold foods, made of solid material 70","some countries are free, 25","colors, you find them in a box of crayons, 80","amphibians, have same body type, slimy, croak, 90","Both are hot, burns, warms things and air around, used to cook foods. 95","Both used to lay on floor, flat and soft, floor covering made of soft material 95","dwellings, small buildings, accommodation 80","uses mouth to make words, to communicate, to be heard 95","weapons, made of metal, uses bullets, deadly 90","hurt, 40","both are things, non-animal, not living. 35","missing, not found, gone","aged, ancient, antique ","paper, writing, words",18.861,66.078,75.984,3,0,0,11.588,0,80,95,90,70,80,65,70,80,100,80,95,60,75,95,80,95,70,85,90,90,80,FOUND,MAN,NEWSPAPER,18.259,18.259,40.072,1,0,0,11.43,0,70,70,75,60,50,55,50,85,50,80,70,80,80,80,30,80,50,75,50,80,50,0,0,120.005,0,10,21,1,11,12,4,8,13,14,7,15,16,17,18,6,19,20,22,23,24,25,26,27,5,28,3,9,2,29,30,lost,crime,thought,school,drink,fork,bowl,bird,instrument,sea,pony,wall,gate,vault,,pan,wash,bath,yellow,basketball,air,play,ball,walk,thief,white,car,lake,cry,forest,mug,jewelry,zoo,dirt,stool,two,lamb,eagle,pin,strawberry,oven,,sun,eye,building,care,moon,pain,,mail,temple,clothes,swim,heat,spoon,country,yellow,frog,fire,rug,hut,speak,,A2VNK2H6USLQTK,143501505
2018-03-21 23:41:10,2018-03-21 23:54:58,IP Address,174.239.4.26,100,827,True,2018-03-21 23:54:59,R_6KnqvcenuFiHypz,,,,,21.274993896484,-157.81649780273,anonymous,EN,I agree,confused,Aged,Paper,35.223,80.654,86.456,31,2.208,2.488,4.248,2,30,45,60,68,50,100,75,50,60,80,50,80,20,50,90,75,78,90,80,75,50,woods,man,clothing,8.326,20.694,47.791,2,0,0,7.073,0,60,70,80,75,60,75,80,70,67,76,70,20,80,89,50,70,60,90,70,40,58,found,new,write,10.215,19.742,33.341,11,0,0,1.12,0,80,60,60,60,70,80,59,90,79,80,79,60,58,70,70,70,67,50,79,78,69,6.193,16.921,120.006,12,6,7,1,8,9,4,10,11,12,13,14,15,16,17,18,19,20,21,22,23,24,25,26,5,27,3,28,2,29,30,lost,crime,tank,water,bread,handle,trout,hawk,saxophone,cheetah,cat,steel,gate,cabinet,red,iron,bath,soap,peel,baseball,smoke,toy,hand,walk,liar,car,message,tent,open,woods,water,silver,animal,play,fold,ten,wolf,pigeon,mount,pie,top,me,water,green,mill,ointment,ship,ball,milk,letter,hotel,tear,cake,flame,water,country,blue,water,thrower,wall,cheese,speak,butt,A1O299EPNHZ5O4,810824247
2018-03-22 00:04:16,2018-03-22 00:35:35,IP Address,162.251.167.90,100,1879,True,2018-03-22 00:35:35,R_2E6tOfdDJPsPtI2,,,,,34.067398071289,-118.24229431152,anonymous,EN,I agree,SNAIL,REPTILES,TORTISE,4.63,103.566,104.784,6,0,0,2.221,0,90,70,90,90,90,70,50,90,80,90,95,90,90,50,50,50,30,50,90,50,20,PURSE,SPICE,WILLIAM,38.617,38.617,48.359,1,0,0,1.248,0,60,100,80,80,90,60,20,90,80,30,70,60,50,90,100,60,80,90,60,80,60,MEMORY,SECERT,DOG,12.478,46.382,49.625,3,0,0,1.037,0,60,90,60,20,60,50,60,60,100,90,100,50,60,50,100,60,40,50,100,50,60,0,0,120.004,0,11,12,1,13,9,4,8,10,14,7,15,16,17,18,6,19,20,21,22,23,24,25,26,5,27,3,28,2,29,30,SEARCH,CRIME,HIGH,LOW,CAMP,SHOVE,TANK,SPARROW,AIRPET,ROSES,WORSE,SAND,MARRIAGE,RIDE,BLUE,BULLET,SHAMPOO,ROOM,COLOR,BASEBALL,INWHALE,TOY,HAND,JAKE,LEAR,MOUSINE,OLEAN,FIRE,EAR,DEAR,TEA,SILVER,STEEL,MUG,TABLE,FIVE,GOAT,TRICK,NICKLE,ROSEBERRY,STOCK,LATE,UMBRELLA,SKY,HOUSE,CARE,PLANE,GUN,CUP,DEVELOPE,SHOE,JEWEL,WEAR,CAMP,OWL,SLEEDOM,BLUE,BOARD,FRAME,PET,ROOM,LESS,SHOT,A1QXCUL98HP53,892252863
2018-03-22 03:41:14,2018-03-22 04:04:49,IP Address,2.126.90.45,100,1415,True,2018-03-22 04:04:50,R_3iFpn07UZE4gMAC,,,,,55.600006103516,-4.6667022705078,anonymous,EN,I agree,"dirty, hidden","dirty, forgotten","paper, news",98.026,180.549,186.835,3,0,0,21.066,0,25,25,65,0,10,95,85,50,70,85,50,40,85,90,99,99,90,95,100,75,52,"missing, not seen, forgotten","senior, wrinkle, aged","journalist, paper, news",42.103,74.827,93.743,4,0,0,25.747,0,95,100,100,20,90,60,75,100,100,60,100,90,95,90,100,80,100,85,100,100,85,found,dying,news,42.832,58.445,72.429,4,0,0,27.061,0,70,50,25,20,35,10,35,90,60,90,15,55,100,40,30,85,60,35,75,80,10,0,0,120.008,0,13,16,1,14,17,4,8,11,18,7,15,12,19,20,6,21,22,23,24,25,26,27,28,5,29,3,9,2,30,10,lost,crime,tank,school,eat,fork,salmon,bird,instrument,sea,pony,red,gate,house,red,pan,shower,dishes,green,baseball,air,play,baseball,walk,thief,white,car,lake,cry,forest,mug,jewel,zoo,dirt,stool,two,lamb,eagle,pin,strawberry,oven,travel,sun,eyes,building,care,moon,gun,milk,mail,temple,dress,swim,flame,spoon,country,green,frog,fire,rug,hut,speech,gun,AKTWLQUZC35CC,334135484
2018-03-22 05:50:14,2018-03-22 05:59:19,IP Address,24.46.117.154,100,545,True,2018-03-22 05:59:20,R_1KjT5kXYtiAs5An,,,,,40.610000610352,-73.910797119141,anonymous,EN,I agree,unfound,worn out,document,31.783,43.777,60.319,2,0,0,2.149,0,25,45,35,34,45,46,45,68,35,46,56,67,57,46,45,46,57,67,57,33,56,random,tired,newspaper,1.153,46.929,47.296,4,0.839,0.839,1.649,1,34,43,677,45,32,23,78,67,56,23,89,45,90,67,57,45,54,34,80,79,89,not found,tired,paper,2.42,189.083,193.715,4,4.74,4.74,5.393,1,78,67,67,66,45,56,67,34,09,67,56,67,56,09,98,98,56,98,09,67,45,0,0,120.007,0,11,16,1,19,5,4,6,7,9,10,12,13,14,17,18,8,20,21,22,23,15,24,25,26,27,3,28,2,29,30,,,,,,,,,,,,,,,,,,,,,,,,,,,,,,,,,,,,,,,,,,,,,,,,,,,,,,,,,,,,,,,,A3SD02HCW68EUL,376015990
2018-03-22 12:57:34,2018-03-22 13:09:14,IP Address,103.77.19.76,100,699,True,2018-03-22 13:09:14,R_1DtGjUb5cVy7bpZ,,,,,23.817901611328,90.410308837891,anonymous,EN,I agree,broken,loder,news,2.136,39.584,63.459,2,0,0,2.956,0,70,90,80,70,80,80,80,70,70,90,80,80,70,90,60,70,80,60,80,70,80,brok,age not fact,news,2.566,2.566,49.16,1,0,0,0.978,0,80,80,90,80,90,80,90,80,80,80,80,90,90,90,90,90,80,80,90,80,90,broken,fact,news,1.241,1.241,43.425,1,0,0,1.565,0,80,90,80,90,80,90,80,90,80,80,90,90,90,80,80,90,80,90,90,90,80,0,0,121.617,0,2,5,21,4,14,3,1,12,6,26,9,8,13,7,10,19,11,27,17,23,15,25,30,28,22,18,24,29,20,16,"Toad ","Toad ",good,"Toad ","Toad ","Toad ","Toad ","Toad ","Toad ","Toad ","Toad ","Toad ","Toad ","Toad ","Toad ","Toad ","Toad ","Toad ","Toad ","Toad ","Toad ","Toad ","Toad ","Toad ","Toad ","Toad ","Toad ","Toad ","Toad ","Toad ","Toad ","Toad ","Toad ","Toad ",chair,"Toad ","Toad ","Toad ","Toad ","Toad ","Toad ","Toad ","Toad ","Toad ",steel,"Toad ","Toad ","Toad ","Toad ","Toad ","Toad ","Toad ","Toad ","Toad ","Toad ","Toad ","Toad ","Toad ","Toad ","Toad ",cottage,"Toad ","Toad ",A3R0L8CEVVSAY8,248644097
2018-03-22 13:01:15,2018-03-22 13:12:59,IP Address,159.53.78.141,100,704,True,2018-03-22 13:13:00,R_10uVQVFL9jSb7nB,,,,,40.721405029297,-74.00520324707,anonymous,EN,I agree,missing. gone.,smells. wrinkles. slow. ancient,"words. reading. writing. eyes. ",4.57,119.961,120.418,9,0,0,6.078,0,10,10,10,10,25,100,20,80,75,75,50,40,10,90,100,100,50,100,100,10,20,found,new,magazine,15.506,20.833,39.634,3,0,0,5.663,0,60,75,90,100,25,50,75,100,100,50,90,10,100,80,10,100,90,80,50,80,80,found,age,magazine,21.797,21.797,38.384,1,0,0,7.547,0,25,60,90,5,0,20,60,70,0,60,80,10,40,30,5,70,10,10,15,80,20,0,0,120.008,0,14,21,1,22,23,4,8,24,25,7,17,12,16,26,6,27,28,13,19,11,18,20,29,5,30,3,9,2,15,10,out,thief,keep,top,source,hoe,bowl,bird,instrument,sea,pony,tear,gate,vault,orange,pan,shower,soap,red,baseball,wind,play,wear,top,thief,white,car,lake,cry,forest,mug,coin,gate,dirt,stool,two,lamb,eagle,pin,strawberry,top,out,sun,diamond,wool,care,moon,pain,milk,letter,church,out,water,sun,saucer,country,yello,frog,fire,pain,hut,speak,gun,A1SIUJEL2LS8UO,678412397
2018-03-22 13:22:56,2018-03-22 13:46:10,IP Address,50.25.45.238,100,1393,True,2018-03-22 13:46:11,R_2uVee7h2GYcCyc9,,,,,37.680801391602,-82.341499328613,anonymous,EN,I agree,gone,antique,story,90.708,90.708,126.948,1,0,0,7.469,0,10,10,20,5,5,5,80,15,20,50,5,10,40,80,90,80,90,90,80,10,10,gone,antique,story,23.66,50.277,53.888,3,15.64,15.64,24.373,1,75,70,90,75,89,10,55,90,80,40,90,70,90,50,70,90,60,85,90,88,99,gone,antique,story,52.515,59.245,76.04,2,0,0,6.258,0,77,45,45,22,44,11,5,77,45,77,22,45,88,45,2,77,55,66,66,77,22,0,0,120.107,0,9,16,1,10,28,3,11,8,12,7,13,14,15,17,6,18,19,20,21,22,23,24,30,5,25,4,26,2,27,29,lost,prison,brain,stairs,snack,snow,water,bird,horn,sea,ride,stone,gate,vault,red,pan,suds,cloth,tangerine,baseball,air,dress,mitten,pan,cheat,white,car,forest,cry,forest,holder,jewelry,zoo,dirt,seat,two,lamb,eagle,nail,strawberry,oven,over,sky,green,building,wash,moon,gun,spoon,mail,church,clothes,skin,flame,spoon,country,blue,frog,thrower,rug,hut,speak,pistol,A1GKD3NG1NNHRP,946172851
2018-03-22 15:33:55,2018-03-22 15:58:07,IP Address,106.208.177.73,100,1451,True,2018-03-22 15:58:07,R_xa1CAlBnJ9JtK4F,,,,,13.083297729492,80.283294677734,anonymous,EN,I agree,,,,39.358,192.043,193.646,8,0,0,16.838,0,100,100,100,100,100,100,100,100,100,100,100,100,100,100,100,100,100,100,100,100,100,missed,"glory, past","things, paper",8.535,40.567,50.607,5,0,0,12.38,0,100,100,100,100,100,100,100,100,100,100,100,100,100,100,100,100,100,100,100,100,100,got,new,plain,37.224,74.497,75.682,4,0,0,14.363,0,100,50,100,100,80,50,90,100,100,100,100,90,100,100,50,90,80,50,80,80,50,27.27,39.787,120.01,3,12,14,1,15,16,2,8,17,18,7,13,11,19,20,5,21,22,10,9,23,24,25,26,27,28,3,6,4,29,30,Found,Prison,Talk,low,Eat,tool,Water,dove,Music,Mammal,Pony,Building,Gate,Lock,Blue,pan,Bath,Room,Apple,Football,Air,Play,Stove,Walk,false,White,Car,Tend,Cry,forest,Mug,Jewel,cave,Dirt,Stool,Two,tup,Eagle,Tik,Strawberry,Gas,Walk,Sun,Red,Metal,Care,Height,Long,Play,Mail,temple,Dress,Bath,Flame,Spoon,Country,Blue,Frog,Fire,Rug,Hut,Speak,Gun,APVWMP5952IOY,578351974
2018-03-22 16:13:16,2018-03-22 16:29:07,IP Address,76.16.74.0,100,951,True,2018-03-22 16:29:08,R_cYHHob6s6eEmWop,,,,,42.408493041992,-87.859596252441,anonymous,EN,I agree,,,news,90.146,157.389,161.072,2,0,0,28.46,0,,,,,,,,clothes,,,,,color,,hot,,home,,,,,found,young,,17.517,17.517,42.582,1,0,0,23.466,0,own,bad,,,,,,animal,music,,,,,,color,,,,,sport,,found,new,news,32.654,50.365,60.614,3,0,0,4.575,0,,baseball,,bad,,change,,sad,park,holder,gem,animals,,seat,numbers,animal,bird,,berry,cook,,0,0,120.154,0,15,22,1,17,23,4,8,11,24,7,18,13,25,26,6,21,20,14,19,12,16,27,28,5,29,3,9,2,30,10,loss,prison,thought,sky,,,scale,bird,insturment,,stallion,stone,gate,harm,,cook,scum,,red,,exhale,toy,clean,bread,dishonest,white,,lake,,animal,,silver,,dirt,table,,wool,eagle,,strawberry,,go,thunder,,wool,dry,,gun,,mail,church,,water,heat,pan,,orange,,fire,,home,quiet,gun,A3BKZ14V95ZNR6,954373868
2018-03-22 16:32:08,2018-03-22 16:45:08,IP Address,75.128.1.132,100,780,True,2018-03-22 16:45:08,R_2X6UmeHDXEkoWsS,,,,,35.290405273438,-120.81010437012,anonymous,EN,I agree,"Confused, direction","Brittle, Weak","Information, News",49.443,49.443,69.494,1,0,0,9.196,0,30,15,45,20,30,90,90,60,40,95,70,85,30,90,95,95,70,90,70,60,50,Child,Antique,Newspaper,13.5,26.001,31.029,2,0,0,5.013,0,65,95,95,40,90,20,80,85,90,65,85,50,90,85,60,75,95,90,65,65,95,Find,Busted,of Confederation,25.676,38.911,43.81,2,0,0,6.436,0,75,85,85,65,65,75,85,65,65,55,45,60,95,60,15,40,70,30,95,70,30,0,0,120.021,0,12,16,1,15,17,4,18,9,19,7,20,21,14,22,6,23,24,11,25,10,26,27,28,5,29,3,30,2,13,8,Keep,Crime,Thought,Low,Drink,Fork,Lake,Bird,Instrument,Sea,Pony,Wood,Gate,House,Blue,Pan,Bath,Hands,Tangerine,Baseball,Air,Play,Mitten,Dessert,Thief,White,Automobile,Fire,Cry,Forest,Bowl,Jewellery,Zoo,Dirt,Stool,Two,Lamb,Eagle,Pin,Strawberry,Oven,Travel,Sun,Eyeball,Building,Care,Moon,Pain,Milk,Mail,Temple,Dress,Swimming,Flame,Spoon,Country,Blue,Frog,Fire,Rug,Hut,Speak,Gun,A1E6BPJ54S9T5X,206525090
2018-03-22 18:38:50,2018-03-22 18:52:55,IP Address,98.148.89.180,100,844,True,2018-03-22 18:52:55,R_3hflQTzIbMTPwey,,,,,34.133895874023,-118.20520019531,anonymous,EN,I agree,"missing, gone","elderly, aged","news, information",29.675,60.742,60.78,3,0,0,12.806,0,10,10,25,5,25,80,90,25,20,30,30,25,25,90,95,95,50,70,70,5,20,"time, shoe","people, car","science, religion",21.236,21.236,48.349,1,0,0,6.101,0,10,80,90,0,50,10,90,90,90,90,90,10,90,90,10,90,70,70,90,0,90,keys,people,newpaper,27.65,27.65,37.045,1,0,0,27.119,0,50,90,60,30,10,90,60,95,80,90,40,80,70,50,1,90,60,50,30,80,10,0,0,120.007,0,13,24,1,17,25,3,8,9,23,7,16,11,15,26,6,22,20,12,18,10,14,19,27,5,28,4,29,2,30,21,lost,crime,thought,school,cake,trowel,bowl,stool,drum,sea,brush,wood,gate,vault,red,pan,wash,soap,fruit,baseball,air,play,baseball,food,thief,white,car,lake,cry,forest,mug,jewel,zoo,dirt,stool,two,lamb,eagle,pin,strawberry,oven,travel,wet,red,building,care,moon,pain,milk,mail,temple,hat,wash,flame,fish,country,blue,frog,fire,rug,hut,listen,gun,AA8MK8AWWWL62,658062350
