Partno,Judgement1,Word Pair,Judged Value,Recall
1,associative,Reason_Answer,10,0
2,associative,Reason_Answer,NA,NA
3,associative,Reason_Answer,NA,NA
4,associative,Reason_Answer,70,0
5,associative,Reason_Answer,20,0
6,associative,Reason_Answer,2,0
7,associative,Reason_Answer,30,0
8,associative,Reason_Answer,50,1
9,associative,Reason_Answer,4,0
10,associative,Reason_Answer,15,1
11,associative,Reason_Answer,90,0
12,associative,Reason_Answer,60,0
13,associative,Reason_Answer,100,0
14,associative,Reason_Answer,50,0
15,associative,Reason_Answer,30,0
16,associative,Reason_Answer,50,0
17,associative,Reason_Answer,15,0
18,associative,Reason_Answer,50,0
19,associative,Reason_Answer,70,0
20,associative,Reason_Answer,60,1
21,associative,Reason_Answer,NA,NA
22,associative,Reason_Answer,30,0
23,associative,Reason_Answer,30,0
24,associative,Reason_Answer,3,0
25,associative,Reason_Answer,30,1
26,associative,Reason_Answer,2,0
27,associative,Reason_Answer,NA,NA
28,associative,Reason_Answer,30,1
29,associative,Reason_Answer,45,1
30,associative,Reason_Answer,60,0
31,associative,Reason_Answer,40,1
32,associative,Reason_Answer,60,1
33,associative,Reason_Answer,25,0
34,associative,Reason_Answer,70,0
35,associative,Reason_Answer,NA,1
36,associative,Reason_Answer,30,1
37,associative,Reason_Answer,70,0
38,associative,Reason_Answer,20,0
39,associative,Reason_Answer,25,0
40,associative,Reason_Answer,40,0
41,associative,Reason_Answer,90,NA
42,associative,Reason_Answer,60,0
43,associative,Reason_Answer,90,1
44,associative,Reason_Answer,NA,1
45,associative,Reason_Answer,80,0
1,associative,Ride_Horse,4,NA
2,associative,Ride_Horse,NA,NA
3,associative,Ride_Horse,NA,NA
4,associative,Ride_Horse,67,1
5,associative,Ride_Horse,50,0
6,associative,Ride_Horse,2,0
7,associative,Ride_Horse,30,1
8,associative,Ride_Horse,60,1
9,associative,Ride_Horse,35,0
10,associative,Ride_Horse,20,0
11,associative,Ride_Horse,50,1
12,associative,Ride_Horse,40,0
13,associative,Ride_Horse,100,1
14,associative,Ride_Horse,35,1
15,associative,Ride_Horse,80,0
16,associative,Ride_Horse,60,1
17,associative,Ride_Horse,95,1
18,associative,Ride_Horse,30,0
19,associative,Ride_Horse,55,0
20,associative,Ride_Horse,40,0
21,associative,Ride_Horse,NA,NA
22,associative,Ride_Horse,35,1
23,associative,Ride_Horse,50,0
24,associative,Ride_Horse,3,1
25,associative,Ride_Horse,90,1
26,associative,Ride_Horse,20,0
27,associative,Ride_Horse,NA,NA
28,associative,Ride_Horse,30,1
29,associative,Ride_Horse,50,0
30,associative,Ride_Horse,80,NA
31,associative,Ride_Horse,25,1
32,associative,Ride_Horse,39,1
33,associative,Ride_Horse,58,0
34,associative,Ride_Horse,20,0
35,associative,Ride_Horse,NA,1
36,associative,Ride_Horse,35,0
37,associative,Ride_Horse,70,NA
38,associative,Ride_Horse,80,0
39,associative,Ride_Horse,20,0
40,associative,Ride_Horse,35,1
41,associative,Ride_Horse,40,0
42,associative,Ride_Horse,80,1
43,associative,Ride_Horse,100,1
44,associative,Ride_Horse,NA,1
45,associative,Ride_Horse,20,1
1,associative,Compact_Car,3,NA
2,associative,Compact_Car,NA,NA
3,associative,Compact_Car,20,NA
4,associative,Compact_Car,68,1
5,associative,Compact_Car,99,0
6,associative,Compact_Car,80,1
7,associative,Compact_Car,70,1
8,associative,Compact_Car,80,1
9,associative,Compact_Car,33,1
10,associative,Compact_Car,10,1
11,associative,Compact_Car,50,1
12,associative,Compact_Car,80,1
13,associative,Compact_Car,25,1
14,associative,Compact_Car,10,0
15,associative,Compact_Car,5,0
16,associative,Compact_Car,90,1
17,associative,Compact_Car,5,1
18,associative,Compact_Car,60,0
19,associative,Compact_Car,90,1
20,associative,Compact_Car,70,1
21,associative,Compact_Car,NA,NA
22,associative,Compact_Car,8,1
23,associative,Compact_Car,10,1
24,associative,Compact_Car,5,1
25,associative,Compact_Car,40,1
26,associative,Compact_Car,60,1
27,associative,Compact_Car,NA,NA
28,associative,Compact_Car,20,0
29,associative,Compact_Car,60,1
30,associative,Compact_Car,70,0
31,associative,Compact_Car,55,1
32,associative,Compact_Car,38,1
33,associative,Compact_Car,70,1
34,associative,Compact_Car,60,1
35,associative,Compact_Car,NA,0
36,associative,Compact_Car,75,1
37,associative,Compact_Car,50,NA
38,associative,Compact_Car,80,1
39,associative,Compact_Car,50,1
40,associative,Compact_Car,30,1
41,associative,Compact_Car,90,0
42,associative,Compact_Car,90,1
43,associative,Compact_Car,95,1
44,associative,Compact_Car,NA,0
45,associative,Compact_Car,25,1
1,associative,March_Walk,10,NA
2,associative,March_Walk,NA,NA
3,associative,March_Walk,NA,NA
4,associative,March_Walk,77,1
5,associative,March_Walk,60,0
6,associative,March_Walk,5,0
7,associative,March_Walk,60,1
8,associative,March_Walk,40,1
9,associative,March_Walk,45,1
10,associative,March_Walk,10,0
11,associative,March_Walk,35,0
12,associative,March_Walk,35,1
13,associative,March_Walk,100,0
14,associative,March_Walk,23,0
15,associative,March_Walk,20,1
16,associative,March_Walk,80,1
17,associative,March_Walk,20,0
18,associative,March_Walk,25,1
19,associative,March_Walk,45,0
20,associative,March_Walk,75,1
21,associative,March_Walk,NA,NA
22,associative,March_Walk,65,1
23,associative,March_Walk,20,NA
24,associative,March_Walk,40,1
25,associative,March_Walk,95,1
26,associative,March_Walk,15,1
27,associative,March_Walk,NA,NA
28,associative,March_Walk,1,1
29,associative,March_Walk,2,0
30,associative,March_Walk,80,0
31,associative,March_Walk,35,1
32,associative,March_Walk,39,1
33,associative,March_Walk,45,1
34,associative,March_Walk,60,0
35,associative,March_Walk,NA,0
36,associative,March_Walk,65,1
37,associative,March_Walk,60,0
38,associative,March_Walk,60,0
39,associative,March_Walk,75,0
40,associative,March_Walk,25,1
41,associative,March_Walk,45,1
42,associative,March_Walk,80,1
43,associative,March_Walk,100,1
44,associative,March_Walk,NA,0
45,associative,March_Walk,25,0
1,associative,Cherry_Sign,4,0
2,associative,Cherry_Sign,NA,NA
3,associative,Cherry_Sign,NA,NA
4,associative,Cherry_Sign,35,0
5,associative,Cherry_Sign,50,0
6,associative,Cherry_Sign,30,0
7,associative,Cherry_Sign,80,0
8,associative,Cherry_Sign,12,0
9,associative,Cherry_Sign,76,0
10,associative,Cherry_Sign,10,0
11,associative,Cherry_Sign,35,0
12,associative,Cherry_Sign,30,0
13,associative,Cherry_Sign,25,0
14,associative,Cherry_Sign,15,0
15,associative,Cherry_Sign,20,0
16,associative,Cherry_Sign,50,1
17,associative,Cherry_Sign,80,1
18,associative,Cherry_Sign,40,0
19,associative,Cherry_Sign,50,1
20,associative,Cherry_Sign,90,0
21,associative,Cherry_Sign,NA,NA
22,associative,Cherry_Sign,15,0
23,associative,Cherry_Sign,80,0
24,associative,Cherry_Sign,3,1
25,associative,Cherry_Sign,65,1
26,associative,Cherry_Sign,5,0
27,associative,Cherry_Sign,NA,NA
28,associative,Cherry_Sign,50,0
29,associative,Cherry_Sign,40,1
30,associative,Cherry_Sign,40,0
31,associative,Cherry_Sign,80,0
32,associative,Cherry_Sign,4,0
33,associative,Cherry_Sign,50,0
34,associative,Cherry_Sign,40,0
35,associative,Cherry_Sign,NA,0
36,associative,Cherry_Sign,67,0
37,associative,Cherry_Sign,40,1
38,associative,Cherry_Sign,20,0
39,associative,Cherry_Sign,20,0
40,associative,Cherry_Sign,25,0
41,associative,Cherry_Sign,75,0
42,associative,Cherry_Sign,75,0
43,associative,Cherry_Sign,0,1
44,associative,Cherry_Sign,NA,0
45,associative,Cherry_Sign,50,1
1,associative,Sign_Stop,10,NA
2,associative,Sign_Stop,NA,NA
3,associative,Sign_Stop,NA,NA
4,associative,Sign_Stop,70,1
5,associative,Sign_Stop,70,0
6,associative,Sign_Stop,30,1
7,associative,Sign_Stop,90,0
8,associative,Sign_Stop,70,1
9,associative,Sign_Stop,54,0
10,associative,Sign_Stop,15,0
11,associative,Sign_Stop,50,1
12,associative,Sign_Stop,75,0
13,associative,Sign_Stop,100,0
14,associative,Sign_Stop,10,0
15,associative,Sign_Stop,80,1
16,associative,Sign_Stop,80,0
17,associative,Sign_Stop,80,1
18,associative,Sign_Stop,50,0
19,associative,Sign_Stop,65,1
20,associative,Sign_Stop,90,0
21,associative,Sign_Stop,NA,NA
22,associative,Sign_Stop,45,1
23,associative,Sign_Stop,10,1
24,associative,Sign_Stop,15,1
25,associative,Sign_Stop,60,1
26,associative,Sign_Stop,30,1
27,associative,Sign_Stop,NA,NA
28,associative,Sign_Stop,30,1
29,associative,Sign_Stop,70,1
30,associative,Sign_Stop,90,0
31,associative,Sign_Stop,90,1
32,associative,Sign_Stop,70,1
33,associative,Sign_Stop,88,1
34,associative,Sign_Stop,90,0
35,associative,Sign_Stop,NA,1
36,associative,Sign_Stop,85,1
37,associative,Sign_Stop,60,0
38,associative,Sign_Stop,60,0
39,associative,Sign_Stop,50,1
40,associative,Sign_Stop,45,0
41,associative,Sign_Stop,70,1
42,associative,Sign_Stop,90,0
43,associative,Sign_Stop,90,1
44,associative,Sign_Stop,NA,0
45,associative,Sign_Stop,75,1
1,associative,Habit_Coke,10,0
2,associative,Habit_Coke,NA,NA
3,associative,Habit_Coke,NA,NA
4,associative,Habit_Coke,15,0
5,associative,Habit_Coke,10,0
6,associative,Habit_Coke,2,0
7,associative,Habit_Coke,10,1
8,associative,Habit_Coke,12,1
9,associative,Habit_Coke,2,1
10,associative,Habit_Coke,5,0
11,associative,Habit_Coke,20,1
12,associative,Habit_Coke,30,0
13,associative,Habit_Coke,50,0
14,associative,Habit_Coke,22,0
15,associative,Habit_Coke,2,0
16,associative,Habit_Coke,10,1
17,associative,Habit_Coke,50,1
18,associative,Habit_Coke,10,0
19,associative,Habit_Coke,35,1
20,associative,Habit_Coke,40,0
21,associative,Habit_Coke,NA,NA
22,associative,Habit_Coke,2,1
23,associative,Habit_Coke,3,1
24,associative,Habit_Coke,1,0
25,associative,Habit_Coke,50,1
26,associative,Habit_Coke,2,0
27,associative,Habit_Coke,NA,NA
28,associative,Habit_Coke,1,0
29,associative,Habit_Coke,10,0
30,associative,Habit_Coke,30,NA
31,associative,Habit_Coke,45,1
32,associative,Habit_Coke,12,0
33,associative,Habit_Coke,3,0
34,associative,Habit_Coke,10,0
35,associative,Habit_Coke,NA,1
36,associative,Habit_Coke,25,1
37,associative,Habit_Coke,40,NA
38,associative,Habit_Coke,10,0
39,associative,Habit_Coke,15,0
40,associative,Habit_Coke,20,0
41,associative,Habit_Coke,12,1
42,associative,Habit_Coke,20,1
43,associative,Habit_Coke,80,1
44,associative,Habit_Coke,NA,0
45,associative,Habit_Coke,10,1
1,associative,Carry_Lift,10,NA
2,associative,Carry_Lift,NA,NA
3,associative,Carry_Lift,NA,NA
4,associative,Carry_Lift,79,0
5,associative,Carry_Lift,60,0
6,associative,Carry_Lift,50,0
7,associative,Carry_Lift,40,0
8,associative,Carry_Lift,20,1
9,associative,Carry_Lift,45,0
10,associative,Carry_Lift,25,1
11,associative,Carry_Lift,55,1
12,associative,Carry_Lift,30,0
13,associative,Carry_Lift,100,0
14,associative,Carry_Lift,30,0
15,associative,Carry_Lift,25,0
16,associative,Carry_Lift,40,1
17,associative,Carry_Lift,85,0
18,associative,Carry_Lift,50,0
19,associative,Carry_Lift,50,0
20,associative,Carry_Lift,60,0
21,associative,Carry_Lift,NA,NA
22,associative,Carry_Lift,80,1
23,associative,Carry_Lift,60,0
24,associative,Carry_Lift,50,1
25,associative,Carry_Lift,90,0
26,associative,Carry_Lift,20,1
27,associative,Carry_Lift,NA,NA
28,associative,Carry_Lift,40,1
29,associative,Carry_Lift,55,1
30,associative,Carry_Lift,80,NA
31,associative,Carry_Lift,60,1
32,associative,Carry_Lift,24,1
33,associative,Carry_Lift,55,1
34,associative,Carry_Lift,40,0
35,associative,Carry_Lift,NA,1
36,associative,Carry_Lift,75,0
37,associative,Carry_Lift,70,1
38,associative,Carry_Lift,80,0
39,associative,Carry_Lift,60,0
40,associative,Carry_Lift,50,0
41,associative,Carry_Lift,70,0
42,associative,Carry_Lift,80,1
43,associative,Carry_Lift,100,1
44,associative,Carry_Lift,NA,0
45,associative,Carry_Lift,80,1
1,associative,Goose_Chicken,10,0
2,associative,Goose_Chicken,NA,NA
3,associative,Goose_Chicken,NA,NA
4,associative,Goose_Chicken,55,0
5,associative,Goose_Chicken,40,0
6,associative,Goose_Chicken,2,0
7,associative,Goose_Chicken,40,1
8,associative,Goose_Chicken,60,1
9,associative,Goose_Chicken,23,0
10,associative,Goose_Chicken,20,0
11,associative,Goose_Chicken,30,1
12,associative,Goose_Chicken,30,0
13,associative,Goose_Chicken,25,0
14,associative,Goose_Chicken,60,1
15,associative,Goose_Chicken,25,0
16,associative,Goose_Chicken,30,1
17,associative,Goose_Chicken,75,0
18,associative,Goose_Chicken,20,0
19,associative,Goose_Chicken,45,0
20,associative,Goose_Chicken,70,0
21,associative,Goose_Chicken,NA,NA
22,associative,Goose_Chicken,7,1
23,associative,Goose_Chicken,2,1
24,associative,Goose_Chicken,10,1
25,associative,Goose_Chicken,40,1
26,associative,Goose_Chicken,4,0
27,associative,Goose_Chicken,NA,NA
28,associative,Goose_Chicken,30,1
29,associative,Goose_Chicken,5,1
30,associative,Goose_Chicken,90,1
31,associative,Goose_Chicken,15,1
32,associative,Goose_Chicken,22,0
33,associative,Goose_Chicken,40,0
34,associative,Goose_Chicken,30,1
35,associative,Goose_Chicken,NA,1
36,associative,Goose_Chicken,30,1
37,associative,Goose_Chicken,60,1
38,associative,Goose_Chicken,20,1
39,associative,Goose_Chicken,15,0
40,associative,Goose_Chicken,50,1
41,associative,Goose_Chicken,75,0
42,associative,Goose_Chicken,50,1
43,associative,Goose_Chicken,0,1
44,associative,Goose_Chicken,NA,0
45,associative,Goose_Chicken,80,0
1,associative,String_Thread,10,NA
2,associative,String_Thread,NA,NA
3,associative,String_Thread,10,NA
4,associative,String_Thread,80,0
5,associative,String_Thread,99,0
6,associative,String_Thread,20,0
7,associative,String_Thread,40,1
8,associative,String_Thread,35,1
9,associative,String_Thread,34,0
10,associative,String_Thread,35,1
11,associative,String_Thread,90,0
12,associative,String_Thread,50,1
13,associative,String_Thread,100,0
14,associative,String_Thread,22,0
15,associative,String_Thread,10,0
16,associative,String_Thread,40,1
17,associative,String_Thread,95,1
18,associative,String_Thread,40,0
19,associative,String_Thread,65,0
20,associative,String_Thread,90,1
21,associative,String_Thread,NA,NA
22,associative,String_Thread,60,1
23,associative,String_Thread,5,0
24,associative,String_Thread,50,1
25,associative,String_Thread,70,1
26,associative,String_Thread,15,1
27,associative,String_Thread,NA,NA
28,associative,String_Thread,40,1
29,associative,String_Thread,90,0
30,associative,String_Thread,70,1
31,associative,String_Thread,50,1
32,associative,String_Thread,48,0
33,associative,String_Thread,55,1
34,associative,String_Thread,50,0
35,associative,String_Thread,NA,0
36,associative,String_Thread,80,0
37,associative,String_Thread,65,1
38,associative,String_Thread,50,0
39,associative,String_Thread,25,0
40,associative,String_Thread,80,0
41,associative,String_Thread,85,1
42,associative,String_Thread,80,1
43,associative,String_Thread,100,1
44,associative,String_Thread,NA,1
45,associative,String_Thread,80,1
1,associative,Fruit_Orange,10,NA
2,associative,Fruit_Orange,NA,NA
3,associative,Fruit_Orange,20,NA
4,associative,Fruit_Orange,85,0
5,associative,Fruit_Orange,50,0
6,associative,Fruit_Orange,80,1
7,associative,Fruit_Orange,50,0
8,associative,Fruit_Orange,24,1
9,associative,Fruit_Orange,3,0
10,associative,Fruit_Orange,20,1
11,associative,Fruit_Orange,70,0
12,associative,Fruit_Orange,60,1
13,associative,Fruit_Orange,50,1
14,associative,Fruit_Orange,15,0
15,associative,Fruit_Orange,30,0
16,associative,Fruit_Orange,20,0
17,associative,Fruit_Orange,40,1
18,associative,Fruit_Orange,30,1
19,associative,Fruit_Orange,40,0
20,associative,Fruit_Orange,75,1
21,associative,Fruit_Orange,NA,1
22,associative,Fruit_Orange,50,1
23,associative,Fruit_Orange,10,1
24,associative,Fruit_Orange,5,1
25,associative,Fruit_Orange,50,1
26,associative,Fruit_Orange,20,1
27,associative,Fruit_Orange,NA,NA
28,associative,Fruit_Orange,20,0
29,associative,Fruit_Orange,50,0
30,associative,Fruit_Orange,70,0
31,associative,Fruit_Orange,60,1
32,associative,Fruit_Orange,33,1
33,associative,Fruit_Orange,45,1
34,associative,Fruit_Orange,30,1
35,associative,Fruit_Orange,NA,1
36,associative,Fruit_Orange,60,1
37,associative,Fruit_Orange,70,NA
38,associative,Fruit_Orange,60,0
39,associative,Fruit_Orange,10,1
40,associative,Fruit_Orange,25,0
41,associative,Fruit_Orange,30,0
42,associative,Fruit_Orange,80,1
43,associative,Fruit_Orange,90,1
44,associative,Fruit_Orange,NA,0
45,associative,Fruit_Orange,50,1
1,associative,Travel_Go,20,0
2,associative,Travel_Go,NA,NA
3,associative,Travel_Go,NA,0
4,associative,Travel_Go,45,0
5,associative,Travel_Go,30,0
6,associative,Travel_Go,5,0
7,associative,Travel_Go,20,1
8,associative,Travel_Go,40,1
9,associative,Travel_Go,44,1
10,associative,Travel_Go,15,0
11,associative,Travel_Go,30,0
12,associative,Travel_Go,80,0
13,associative,Travel_Go,100,0
14,associative,Travel_Go,28,0
15,associative,Travel_Go,20,1
16,associative,Travel_Go,60,0
17,associative,Travel_Go,75,0
18,associative,Travel_Go,20,1
19,associative,Travel_Go,35,0
20,associative,Travel_Go,80,0
21,associative,Travel_Go,NA,NA
22,associative,Travel_Go,12,0
23,associative,Travel_Go,10,0
24,associative,Travel_Go,40,1
25,associative,Travel_Go,85,1
26,associative,Travel_Go,15,0
27,associative,Travel_Go,NA,NA
28,associative,Travel_Go,40,1
29,associative,Travel_Go,1,0
30,associative,Travel_Go,50,0
31,associative,Travel_Go,40,1
32,associative,Travel_Go,48,0
33,associative,Travel_Go,5,0
34,associative,Travel_Go,50,0
35,associative,Travel_Go,NA,0
36,associative,Travel_Go,25,1
37,associative,Travel_Go,60,1
38,associative,Travel_Go,30,0
39,associative,Travel_Go,40,0
40,associative,Travel_Go,75,0
41,associative,Travel_Go,80,0
42,associative,Travel_Go,40,0
43,associative,Travel_Go,100,1
44,associative,Travel_Go,NA,0
45,associative,Travel_Go,25,1
1,associative,Dress_Skirt,10,NA
2,associative,Dress_Skirt,NA,NA
3,associative,Dress_Skirt,NA,NA
4,associative,Dress_Skirt,32,1
5,associative,Dress_Skirt,99,0
6,associative,Dress_Skirt,50,1
7,associative,Dress_Skirt,60,1
8,associative,Dress_Skirt,75,1
9,associative,Dress_Skirt,65,0
10,associative,Dress_Skirt,60,1
11,associative,Dress_Skirt,80,0
12,associative,Dress_Skirt,80,1
13,associative,Dress_Skirt,25,0
14,associative,Dress_Skirt,42,0
15,associative,Dress_Skirt,20,1
16,associative,Dress_Skirt,60,1
17,associative,Dress_Skirt,20,1
18,associative,Dress_Skirt,40,1
19,associative,Dress_Skirt,40,1
20,associative,Dress_Skirt,70,0
21,associative,Dress_Skirt,NA,NA
22,associative,Dress_Skirt,55,1
23,associative,Dress_Skirt,70,1
24,associative,Dress_Skirt,3,1
25,associative,Dress_Skirt,75,1
26,associative,Dress_Skirt,55,1
27,associative,Dress_Skirt,NA,NA
28,associative,Dress_Skirt,20,1
29,associative,Dress_Skirt,50,1
30,associative,Dress_Skirt,75,1
31,associative,Dress_Skirt,85,1
32,associative,Dress_Skirt,67,1
33,associative,Dress_Skirt,80,1
34,associative,Dress_Skirt,30,1
35,associative,Dress_Skirt,NA,1
36,associative,Dress_Skirt,85,1
37,associative,Dress_Skirt,80,1
38,associative,Dress_Skirt,60,1
39,associative,Dress_Skirt,25,1
40,associative,Dress_Skirt,50,1
41,associative,Dress_Skirt,65,1
42,associative,Dress_Skirt,70,1
43,associative,Dress_Skirt,80,1
44,associative,Dress_Skirt,NA,0
45,associative,Dress_Skirt,25,1
1,associative,America_USA,5,1
2,associative,America_USA,NA,NA
3,associative,America_USA,NA,NA
4,associative,America_USA,80,1
5,associative,America_USA,100,0
6,associative,America_USA,90,1
7,associative,America_USA,60,1
8,associative,America_USA,90,1
9,associative,America_USA,66,0
10,associative,America_USA,70,1
11,associative,America_USA,100,1
12,associative,America_USA,90,1
13,associative,America_USA,100,1
14,associative,America_USA,95,1
15,associative,America_USA,80,1
16,associative,America_USA,30,0
17,associative,America_USA,99,1
18,associative,America_USA,75,1
19,associative,America_USA,70,1
20,associative,America_USA,100,1
21,associative,America_USA,NA,NA
22,associative,America_USA,75,1
23,associative,America_USA,100,1
24,associative,America_USA,80,1
25,associative,America_USA,95,1
26,associative,America_USA,25,0
27,associative,America_USA,NA,NA
28,associative,America_USA,60,1
29,associative,America_USA,99,1
30,associative,America_USA,95,1
31,associative,America_USA,95,1
32,associative,America_USA,80,1
33,associative,America_USA,75,1
34,associative,America_USA,100,0
35,associative,America_USA,NA,1
36,associative,America_USA,90,1
37,associative,America_USA,90,1
38,associative,America_USA,90,1
39,associative,America_USA,90,1
40,associative,America_USA,100,1
41,associative,America_USA,75,1
42,associative,America_USA,90,1
43,associative,America_USA,100,1
44,associative,America_USA,NA,1
45,associative,America_USA,90,0
1,associative,Crocodile_Alligator,10,1
2,associative,Crocodile_Alligator,NA,NA
3,associative,Crocodile_Alligator,NA,NA
4,associative,Crocodile_Alligator,90,1
5,associative,Crocodile_Alligator,80,0
6,associative,Crocodile_Alligator,90,1
7,associative,Crocodile_Alligator,45,1
8,associative,Crocodile_Alligator,90,1
9,associative,Crocodile_Alligator,95,1
10,associative,Crocodile_Alligator,70,1
11,associative,Crocodile_Alligator,99,1
12,associative,Crocodile_Alligator,70,1
13,associative,Crocodile_Alligator,50,0
14,associative,Crocodile_Alligator,69,1
15,associative,Crocodile_Alligator,65,1
16,associative,Crocodile_Alligator,40,1
17,associative,Crocodile_Alligator,85,1
18,associative,Crocodile_Alligator,20,1
19,associative,Crocodile_Alligator,70,1
20,associative,Crocodile_Alligator,80,1
21,associative,Crocodile_Alligator,NA,NA
22,associative,Crocodile_Alligator,80,1
23,associative,Crocodile_Alligator,90,1
24,associative,Crocodile_Alligator,30,1
25,associative,Crocodile_Alligator,98,1
26,associative,Crocodile_Alligator,80,1
27,associative,Crocodile_Alligator,NA,NA
28,associative,Crocodile_Alligator,50,1
29,associative,Crocodile_Alligator,90,1
30,associative,Crocodile_Alligator,90,1
31,associative,Crocodile_Alligator,90,1
32,associative,Crocodile_Alligator,60,1
33,associative,Crocodile_Alligator,85,1
34,associative,Crocodile_Alligator,50,1
35,associative,Crocodile_Alligator,NA,1
36,associative,Crocodile_Alligator,95,1
37,associative,Crocodile_Alligator,75,0
38,associative,Crocodile_Alligator,80,1
39,associative,Crocodile_Alligator,45,1
40,associative,Crocodile_Alligator,75,0
41,associative,Crocodile_Alligator,85,1
42,associative,Crocodile_Alligator,80,1
43,associative,Crocodile_Alligator,100,1
44,associative,Crocodile_Alligator,NA,1
45,associative,Crocodile_Alligator,90,1
1,associative,Scent_Perfume,5,NA
2,associative,Scent_Perfume,NA,NA
3,associative,Scent_Perfume,NA,NA
4,associative,Scent_Perfume,85,1
5,associative,Scent_Perfume,90,0
6,associative,Scent_Perfume,5,0
7,associative,Scent_Perfume,60,1
8,associative,Scent_Perfume,40,1
9,associative,Scent_Perfume,34,0
10,associative,Scent_Perfume,20,0
11,associative,Scent_Perfume,90,1
12,associative,Scent_Perfume,75,1
13,associative,Scent_Perfume,100,0
14,associative,Scent_Perfume,15,1
15,associative,Scent_Perfume,60,0
16,associative,Scent_Perfume,50,1
17,associative,Scent_Perfume,50,0
18,associative,Scent_Perfume,70,1
19,associative,Scent_Perfume,90,1
20,associative,Scent_Perfume,70,1
21,associative,Scent_Perfume,NA,NA
22,associative,Scent_Perfume,85,1
23,associative,Scent_Perfume,50,1
24,associative,Scent_Perfume,20,1
25,associative,Scent_Perfume,80,1
26,associative,Scent_Perfume,25,1
27,associative,Scent_Perfume,NA,NA
28,associative,Scent_Perfume,40,1
29,associative,Scent_Perfume,98,1
30,associative,Scent_Perfume,80,NA
31,associative,Scent_Perfume,60,1
32,associative,Scent_Perfume,50,1
33,associative,Scent_Perfume,68,1
34,associative,Scent_Perfume,80,1
35,associative,Scent_Perfume,NA,1
36,associative,Scent_Perfume,59,1
37,associative,Scent_Perfume,85,1
38,associative,Scent_Perfume,90,1
39,associative,Scent_Perfume,30,1
40,associative,Scent_Perfume,85,1
41,associative,Scent_Perfume,80,0
42,associative,Scent_Perfume,50,1
43,associative,Scent_Perfume,100,1
44,associative,Scent_Perfume,NA,0
45,associative,Scent_Perfume,90,0
1,associative,Crayon_Yellow,10,NA
2,associative,Crayon_Yellow,NA,NA
3,associative,Crayon_Yellow,NA,NA
4,associative,Crayon_Yellow,48,0
5,associative,Crayon_Yellow,20,0
6,associative,Crayon_Yellow,10,1
7,associative,Crayon_Yellow,20,1
8,associative,Crayon_Yellow,10,1
9,associative,Crayon_Yellow,43,1
10,associative,Crayon_Yellow,10,1
11,associative,Crayon_Yellow,30,1
12,associative,Crayon_Yellow,50,0
13,associative,Crayon_Yellow,50,1
14,associative,Crayon_Yellow,15,0
15,associative,Crayon_Yellow,20,1
16,associative,Crayon_Yellow,10,1
17,associative,Crayon_Yellow,5,1
18,associative,Crayon_Yellow,15,1
19,associative,Crayon_Yellow,35,0
20,associative,Crayon_Yellow,50,0
21,associative,Crayon_Yellow,NA,NA
22,associative,Crayon_Yellow,20,1
23,associative,Crayon_Yellow,5,1
24,associative,Crayon_Yellow,1,1
25,associative,Crayon_Yellow,50,1
26,associative,Crayon_Yellow,4,1
27,associative,Crayon_Yellow,NA,NA
28,associative,Crayon_Yellow,5,1
29,associative,Crayon_Yellow,10,1
30,associative,Crayon_Yellow,40,1
31,associative,Crayon_Yellow,30,1
32,associative,Crayon_Yellow,1,1
33,associative,Crayon_Yellow,30,1
34,associative,Crayon_Yellow,30,0
35,associative,Crayon_Yellow,NA,1
36,associative,Crayon_Yellow,34,1
37,associative,Crayon_Yellow,60,NA
38,associative,Crayon_Yellow,50,1
39,associative,Crayon_Yellow,10,1
40,associative,Crayon_Yellow,40,0
41,associative,Crayon_Yellow,10,1
42,associative,Crayon_Yellow,30,1
43,associative,Crayon_Yellow,90,1
44,associative,Crayon_Yellow,NA,0
45,associative,Crayon_Yellow,10,1
1,associative,Wasp_Hornet,10,0
2,associative,Wasp_Hornet,NA,NA
3,associative,Wasp_Hornet,50,NA
4,associative,Wasp_Hornet,35,1
5,associative,Wasp_Hornet,99,0
6,associative,Wasp_Hornet,10,0
7,associative,Wasp_Hornet,70,1
8,associative,Wasp_Hornet,35,1
9,associative,Wasp_Hornet,34,0
10,associative,Wasp_Hornet,30,1
11,associative,Wasp_Hornet,40,1
12,associative,Wasp_Hornet,60,0
13,associative,Wasp_Hornet,50,1
14,associative,Wasp_Hornet,50,0
15,associative,Wasp_Hornet,30,1
16,associative,Wasp_Hornet,40,1
17,associative,Wasp_Hornet,80,1
18,associative,Wasp_Hornet,40,1
19,associative,Wasp_Hornet,40,1
20,associative,Wasp_Hornet,80,1
21,associative,Wasp_Hornet,NA,NA
22,associative,Wasp_Hornet,65,1
23,associative,Wasp_Hornet,10,0
24,associative,Wasp_Hornet,80,1
25,associative,Wasp_Hornet,80,1
26,associative,Wasp_Hornet,15,1
27,associative,Wasp_Hornet,NA,NA
28,associative,Wasp_Hornet,30,1
29,associative,Wasp_Hornet,85,0
30,associative,Wasp_Hornet,55,0
31,associative,Wasp_Hornet,80,1
32,associative,Wasp_Hornet,8,1
33,associative,Wasp_Hornet,75,1
34,associative,Wasp_Hornet,70,1
35,associative,Wasp_Hornet,NA,0
36,associative,Wasp_Hornet,90,1
37,associative,Wasp_Hornet,70,NA
38,associative,Wasp_Hornet,70,0
39,associative,Wasp_Hornet,70,1
40,associative,Wasp_Hornet,45,0
41,associative,Wasp_Hornet,35,0
42,associative,Wasp_Hornet,75,1
43,associative,Wasp_Hornet,80,1
44,associative,Wasp_Hornet,NA,0
45,associative,Wasp_Hornet,90,1
1,associative,Three_Four,3,NA
2,associative,Three_Four,NA,NA
3,associative,Three_Four,NA,NA
4,associative,Three_Four,73,1
5,associative,Three_Four,99,0
6,associative,Three_Four,10,1
7,associative,Three_Four,50,1
8,associative,Three_Four,65,1
9,associative,Three_Four,2,1
10,associative,Three_Four,75,0
11,associative,Three_Four,25,1
12,associative,Three_Four,20,1
13,associative,Three_Four,100,1
14,associative,Three_Four,20,0
15,associative,Three_Four,30,1
16,associative,Three_Four,80,1
17,associative,Three_Four,40,1
18,associative,Three_Four,45,1
19,associative,Three_Four,45,1
20,associative,Three_Four,80,1
21,associative,Three_Four,NA,NA
22,associative,Three_Four,60,1
23,associative,Three_Four,10,1
24,associative,Three_Four,80,1
25,associative,Three_Four,80,1
26,associative,Three_Four,25,NA
27,associative,Three_Four,NA,NA
28,associative,Three_Four,60,1
29,associative,Three_Four,90,1
30,associative,Three_Four,75,1
31,associative,Three_Four,40,1
32,associative,Three_Four,11,1
33,associative,Three_Four,90,1
34,associative,Three_Four,60,1
35,associative,Three_Four,NA,1
36,associative,Three_Four,95,1
37,associative,Three_Four,95,1
38,associative,Three_Four,90,1
39,associative,Three_Four,25,1
40,associative,Three_Four,75,1
41,associative,Three_Four,97,1
42,associative,Three_Four,90,1
43,associative,Three_Four,100,1
44,associative,Three_Four,NA,1
45,associative,Three_Four,50,1
1,associative,Drunk_Booze,3,NA
2,associative,Drunk_Booze,NA,NA
3,associative,Drunk_Booze,NA,NA
4,associative,Drunk_Booze,62,1
5,associative,Drunk_Booze,99,0
6,associative,Drunk_Booze,5,0
7,associative,Drunk_Booze,30,1
8,associative,Drunk_Booze,10,1
9,associative,Drunk_Booze,2,0
10,associative,Drunk_Booze,10,1
11,associative,Drunk_Booze,80,1
12,associative,Drunk_Booze,20,0
13,associative,Drunk_Booze,100,1
14,associative,Drunk_Booze,44,1
15,associative,Drunk_Booze,60,0
16,associative,Drunk_Booze,50,0
17,associative,Drunk_Booze,50,1
18,associative,Drunk_Booze,50,0
19,associative,Drunk_Booze,40,1
20,associative,Drunk_Booze,80,1
21,associative,Drunk_Booze,NA,NA
22,associative,Drunk_Booze,87,1
23,associative,Drunk_Booze,50,0
24,associative,Drunk_Booze,5,1
25,associative,Drunk_Booze,35,1
26,associative,Drunk_Booze,10,1
27,associative,Drunk_Booze,NA,NA
28,associative,Drunk_Booze,10,0
29,associative,Drunk_Booze,99,0
30,associative,Drunk_Booze,85,NA
31,associative,Drunk_Booze,55,1
32,associative,Drunk_Booze,59,0
33,associative,Drunk_Booze,10,1
34,associative,Drunk_Booze,60,0
35,associative,Drunk_Booze,NA,0
36,associative,Drunk_Booze,25,1
37,associative,Drunk_Booze,70,0
38,associative,Drunk_Booze,50,1
39,associative,Drunk_Booze,50,1
40,associative,Drunk_Booze,90,0
41,associative,Drunk_Booze,90,0
42,associative,Drunk_Booze,80,1
43,associative,Drunk_Booze,90,1
44,associative,Drunk_Booze,NA,0
45,associative,Drunk_Booze,40,0
1,associative,Violin_Instrument,5,NA
2,associative,Violin_Instrument,NA,NA
3,associative,Violin_Instrument,NA,NA
4,associative,Violin_Instrument,55,0
5,associative,Violin_Instrument,70,0
6,associative,Violin_Instrument,80,0
7,associative,Violin_Instrument,40,1
8,associative,Violin_Instrument,20,1
9,associative,Violin_Instrument,34,1
10,associative,Violin_Instrument,25,0
11,associative,Violin_Instrument,75,0
12,associative,Violin_Instrument,60,0
13,associative,Violin_Instrument,25,0
14,associative,Violin_Instrument,56,1
15,associative,Violin_Instrument,50,1
16,associative,Violin_Instrument,40,1
17,associative,Violin_Instrument,20,1
18,associative,Violin_Instrument,45,1
19,associative,Violin_Instrument,70,0
20,associative,Violin_Instrument,45,0
21,associative,Violin_Instrument,NA,NA
22,associative,Violin_Instrument,17,0
23,associative,Violin_Instrument,30,1
24,associative,Violin_Instrument,50,1
25,associative,Violin_Instrument,25,1
26,associative,Violin_Instrument,4,0
27,associative,Violin_Instrument,NA,NA
28,associative,Violin_Instrument,30,1
29,associative,Violin_Instrument,95,1
30,associative,Violin_Instrument,90,0
31,associative,Violin_Instrument,90,1
32,associative,Violin_Instrument,26,0
33,associative,Violin_Instrument,35,0
34,associative,Violin_Instrument,80,0
35,associative,Violin_Instrument,NA,1
36,associative,Violin_Instrument,40,1
37,associative,Violin_Instrument,80,0
38,associative,Violin_Instrument,80,1
39,associative,Violin_Instrument,30,1
40,associative,Violin_Instrument,75,0
41,associative,Violin_Instrument,70,0
42,associative,Violin_Instrument,60,1
43,associative,Violin_Instrument,100,1
44,associative,Violin_Instrument,NA,0
45,associative,Violin_Instrument,50,0
46,semantic,Catholic_School,35,0
47,semantic,Catholic_School,50,1
48,semantic,Catholic_School,50,1
49,semantic,Catholic_School,30,1
50,semantic,Catholic_School,30,1
51,semantic,Catholic_School,75,0
52,semantic,Catholic_School,70,1
53,semantic,Catholic_School,50,1
54,semantic,Catholic_School,30,1
55,semantic,Catholic_School,50,0
56,semantic,Catholic_School,100,1
57,semantic,Catholic_School,30,1
58,semantic,Catholic_School,10,1
59,semantic,Catholic_School,70,1
60,semantic,Catholic_School,70,1
61,semantic,Catholic_School,50,1
62,semantic,Catholic_School,0,1
63,semantic,Catholic_School,80,1
64,semantic,Catholic_School,10,1
65,semantic,Catholic_School,0,1
66,semantic,Catholic_School,30,1
67,semantic,Catholic_School,60,1
68,semantic,Catholic_School,60,1
69,semantic,Catholic_School,75,1
46,semantic,Back_Front,20,1
47,semantic,Back_Front,30,1
48,semantic,Back_Front,0,1
49,semantic,Back_Front,50,0
50,semantic,Back_Front,20,1
51,semantic,Back_Front,90,1
52,semantic,Back_Front,60,1
53,semantic,Back_Front,50,1
54,semantic,Back_Front,0,1
55,semantic,Back_Front,90,1
56,semantic,Back_Front,1,1
57,semantic,Back_Front,50,1
58,semantic,Back_Front,90,1
59,semantic,Back_Front,50,1
60,semantic,Back_Front,100,1
61,semantic,Back_Front,50,1
62,semantic,Back_Front,50,0
63,semantic,Back_Front,100,1
64,semantic,Back_Front,50,1
65,semantic,Back_Front,0,1
66,semantic,Back_Front,50,1
67,semantic,Back_Front,0,1
68,semantic,Back_Front,100,1
69,semantic,Back_Front,0,1
46,semantic,Baby_Cuddle,50,0
47,semantic,Baby_Cuddle,40,0
48,semantic,Baby_Cuddle,100,1
49,semantic,Baby_Cuddle,30,0
50,semantic,Baby_Cuddle,60,0
51,semantic,Baby_Cuddle,90,0
52,semantic,Baby_Cuddle,70,0
53,semantic,Baby_Cuddle,100,0
54,semantic,Baby_Cuddle,50,1
55,semantic,Baby_Cuddle,100,1
56,semantic,Baby_Cuddle,100,1
57,semantic,Baby_Cuddle,30,1
58,semantic,Baby_Cuddle,80,1
59,semantic,Baby_Cuddle,90,NA
60,semantic,Baby_Cuddle,0,0
61,semantic,Baby_Cuddle,50,1
62,semantic,Baby_Cuddle,20,0
63,semantic,Baby_Cuddle,100,1
64,semantic,Baby_Cuddle,25,1
65,semantic,Baby_Cuddle,100,1
66,semantic,Baby_Cuddle,70,1
67,semantic,Baby_Cuddle,30,0
68,semantic,Baby_Cuddle,100,1
69,semantic,Baby_Cuddle,75,0
46,semantic,Grab_Pull,55,1
47,semantic,Grab_Pull,40,1
48,semantic,Grab_Pull,70,1
49,semantic,Grab_Pull,50,0
50,semantic,Grab_Pull,50,1
51,semantic,Grab_Pull,95,1
52,semantic,Grab_Pull,60,1
53,semantic,Grab_Pull,50,0
54,semantic,Grab_Pull,80,1
55,semantic,Grab_Pull,70,1
56,semantic,Grab_Pull,0,0
57,semantic,Grab_Pull,60,1
58,semantic,Grab_Pull,98,1
59,semantic,Grab_Pull,80,1
60,semantic,Grab_Pull,50,0
61,semantic,Grab_Pull,50,1
62,semantic,Grab_Pull,80,0
63,semantic,Grab_Pull,100,1
64,semantic,Grab_Pull,50,0
65,semantic,Grab_Pull,30,1
66,semantic,Grab_Pull,80,0
67,semantic,Grab_Pull,10,0
68,semantic,Grab_Pull,100,1
69,semantic,Grab_Pull,75,1
46,semantic,Snake_Long,10,1
47,semantic,Snake_Long,20,0
48,semantic,Snake_Long,100,1
49,semantic,Snake_Long,50,1
50,semantic,Snake_Long,40,1
51,semantic,Snake_Long,50,1
52,semantic,Snake_Long,50,1
53,semantic,Snake_Long,90,1
54,semantic,Snake_Long,80,1
55,semantic,Snake_Long,70,0
56,semantic,Snake_Long,100,1
57,semantic,Snake_Long,90,1
58,semantic,Snake_Long,70,1
59,semantic,Snake_Long,90,1
60,semantic,Snake_Long,0,1
61,semantic,Snake_Long,50,1
62,semantic,Snake_Long,25,1
63,semantic,Snake_Long,100,1
64,semantic,Snake_Long,50,1
65,semantic,Snake_Long,20,1
66,semantic,Snake_Long,80,1
67,semantic,Snake_Long,80,1
68,semantic,Snake_Long,100,1
69,semantic,Snake_Long,50,1
46,semantic,Sense_Touch,85,0
47,semantic,Sense_Touch,40,1
48,semantic,Sense_Touch,100,1
49,semantic,Sense_Touch,80,1
50,semantic,Sense_Touch,80,0
51,semantic,Sense_Touch,90,0
52,semantic,Sense_Touch,90,1
53,semantic,Sense_Touch,90,0
54,semantic,Sense_Touch,50,0
55,semantic,Sense_Touch,100,1
56,semantic,Sense_Touch,100,1
57,semantic,Sense_Touch,50,0
58,semantic,Sense_Touch,90,1
59,semantic,Sense_Touch,90,1
60,semantic,Sense_Touch,80,0
61,semantic,Sense_Touch,60,0
62,semantic,Sense_Touch,85,0
63,semantic,Sense_Touch,100,1
64,semantic,Sense_Touch,75,0
65,semantic,Sense_Touch,100,1
66,semantic,Sense_Touch,90,1
67,semantic,Sense_Touch,80,1
68,semantic,Sense_Touch,100,1
69,semantic,Sense_Touch,85,1
46,semantic,Money_Bank,65,1
47,semantic,Money_Bank,20,0
48,semantic,Money_Bank,100,1
49,semantic,Money_Bank,30,1
50,semantic,Money_Bank,80,0
51,semantic,Money_Bank,95,0
52,semantic,Money_Bank,80,1
53,semantic,Money_Bank,100,1
54,semantic,Money_Bank,80,1
55,semantic,Money_Bank,50,1
56,semantic,Money_Bank,100,1
57,semantic,Money_Bank,80,1
58,semantic,Money_Bank,95,1
59,semantic,Money_Bank,100,NA
60,semantic,Money_Bank,60,0
61,semantic,Money_Bank,60,0
62,semantic,Money_Bank,80,0
63,semantic,Money_Bank,100,1
64,semantic,Money_Bank,100,1
65,semantic,Money_Bank,60,1
66,semantic,Money_Bank,95,1
67,semantic,Money_Bank,90,0
68,semantic,Money_Bank,100,1
69,semantic,Money_Bank,100,1
46,semantic,Mink_Fur,85,1
47,semantic,Mink_Fur,30,1
48,semantic,Mink_Fur,50,1
49,semantic,Mink_Fur,20,0
50,semantic,Mink_Fur,90,1
51,semantic,Mink_Fur,90,1
52,semantic,Mink_Fur,85,1
53,semantic,Mink_Fur,90,0
54,semantic,Mink_Fur,80,1
55,semantic,Mink_Fur,60,1
56,semantic,Mink_Fur,50,0
57,semantic,Mink_Fur,70,1
58,semantic,Mink_Fur,90,1
59,semantic,Mink_Fur,80,1
60,semantic,Mink_Fur,70,1
61,semantic,Mink_Fur,70,1
62,semantic,Mink_Fur,75,1
63,semantic,Mink_Fur,100,1
64,semantic,Mink_Fur,25,0
65,semantic,Mink_Fur,70,0
66,semantic,Mink_Fur,40,1
67,semantic,Mink_Fur,30,1
68,semantic,Mink_Fur,100,1
69,semantic,Mink_Fur,25,0
46,semantic,Drum_Band,75,1
47,semantic,Drum_Band,40,0
48,semantic,Drum_Band,90,1
49,semantic,Drum_Band,60,0
50,semantic,Drum_Band,70,1
51,semantic,Drum_Band,90,1
52,semantic,Drum_Band,80,1
53,semantic,Drum_Band,90,0
54,semantic,Drum_Band,75,1
55,semantic,Drum_Band,50,1
56,semantic,Drum_Band,100,1
57,semantic,Drum_Band,50,1
58,semantic,Drum_Band,98,1
59,semantic,Drum_Band,100,1
60,semantic,Drum_Band,60,1
61,semantic,Drum_Band,70,1
62,semantic,Drum_Band,25,0
63,semantic,Drum_Band,100,1
64,semantic,Drum_Band,50,0
65,semantic,Drum_Band,NA,1
66,semantic,Drum_Band,80,1
67,semantic,Drum_Band,50,1
68,semantic,Drum_Band,100,1
69,semantic,Drum_Band,85,0
46,semantic,Hatchet_Knife,15,1
47,semantic,Hatchet_Knife,20,1
48,semantic,Hatchet_Knife,50,1
49,semantic,Hatchet_Knife,30,0
50,semantic,Hatchet_Knife,80,1
51,semantic,Hatchet_Knife,75,1
52,semantic,Hatchet_Knife,70,1
53,semantic,Hatchet_Knife,50,0
54,semantic,Hatchet_Knife,95,1
55,semantic,Hatchet_Knife,50,0
56,semantic,Hatchet_Knife,0,1
57,semantic,Hatchet_Knife,30,1
58,semantic,Hatchet_Knife,98,1
59,semantic,Hatchet_Knife,70,1
60,semantic,Hatchet_Knife,70,1
61,semantic,Hatchet_Knife,80,1
62,semantic,Hatchet_Knife,40,1
63,semantic,Hatchet_Knife,100,1
64,semantic,Hatchet_Knife,25,1
65,semantic,Hatchet_Knife,80,1
66,semantic,Hatchet_Knife,60,1
67,semantic,Hatchet_Knife,30,1
68,semantic,Hatchet_Knife,100,1
69,semantic,Hatchet_Knife,50,0
46,semantic,Hip_Bone,55,1
47,semantic,Hip_Bone,100,0
48,semantic,Hip_Bone,90,1
49,semantic,Hip_Bone,10,0
50,semantic,Hip_Bone,60,0
51,semantic,Hip_Bone,85,0
52,semantic,Hip_Bone,75,1
53,semantic,Hip_Bone,90,0
54,semantic,Hip_Bone,80,1
55,semantic,Hip_Bone,0,1
56,semantic,Hip_Bone,0,0
57,semantic,Hip_Bone,20,1
58,semantic,Hip_Bone,90,1
59,semantic,Hip_Bone,80,1
60,semantic,Hip_Bone,80,0
61,semantic,Hip_Bone,70,1
62,semantic,Hip_Bone,60,1
63,semantic,Hip_Bone,100,1
64,semantic,Hip_Bone,25,0
65,semantic,Hip_Bone,100,0
66,semantic,Hip_Bone,80,1
67,semantic,Hip_Bone,40,1
68,semantic,Hip_Bone,100,1
69,semantic,Hip_Bone,85,0
46,semantic,Doctor_Nurse,25,1
47,semantic,Doctor_Nurse,50,1
48,semantic,Doctor_Nurse,80,1
49,semantic,Doctor_Nurse,50,1
50,semantic,Doctor_Nurse,75,1
51,semantic,Doctor_Nurse,90,1
52,semantic,Doctor_Nurse,70,1
53,semantic,Doctor_Nurse,90,1
54,semantic,Doctor_Nurse,60,0
55,semantic,Doctor_Nurse,30,1
56,semantic,Doctor_Nurse,100,1
57,semantic,Doctor_Nurse,60,1
58,semantic,Doctor_Nurse,85,1
59,semantic,Doctor_Nurse,80,1
60,semantic,Doctor_Nurse,50,0
61,semantic,Doctor_Nurse,80,1
62,semantic,Doctor_Nurse,80,1
63,semantic,Doctor_Nurse,100,1
64,semantic,Doctor_Nurse,100,1
65,semantic,Doctor_Nurse,70,1
66,semantic,Doctor_Nurse,85,1
67,semantic,Doctor_Nurse,80,1
68,semantic,Doctor_Nurse,100,1
69,semantic,Doctor_Nurse,75,1
46,semantic,Wrist_Arm,90,1
47,semantic,Wrist_Arm,40,1
48,semantic,Wrist_Arm,100,1
49,semantic,Wrist_Arm,20,1
50,semantic,Wrist_Arm,70,1
51,semantic,Wrist_Arm,90,1
52,semantic,Wrist_Arm,60,1
53,semantic,Wrist_Arm,80,0
54,semantic,Wrist_Arm,70,1
55,semantic,Wrist_Arm,70,0
56,semantic,Wrist_Arm,0,1
57,semantic,Wrist_Arm,40,1
58,semantic,Wrist_Arm,95,1
59,semantic,Wrist_Arm,90,NA
60,semantic,Wrist_Arm,50,1
61,semantic,Wrist_Arm,50,1
62,semantic,Wrist_Arm,75,1
63,semantic,Wrist_Arm,100,1
64,semantic,Wrist_Arm,75,1
65,semantic,Wrist_Arm,100,1
66,semantic,Wrist_Arm,80,1
67,semantic,Wrist_Arm,20,1
68,semantic,Wrist_Arm,100,1
69,semantic,Wrist_Arm,75,0
46,semantic,Tack_Nail,78,1
47,semantic,Tack_Nail,50,1
48,semantic,Tack_Nail,90,1
49,semantic,Tack_Nail,20,0
50,semantic,Tack_Nail,80,1
51,semantic,Tack_Nail,85,0
52,semantic,Tack_Nail,80,0
53,semantic,Tack_Nail,80,0
54,semantic,Tack_Nail,50,1
55,semantic,Tack_Nail,40,0
56,semantic,Tack_Nail,0,1
57,semantic,Tack_Nail,70,1
58,semantic,Tack_Nail,90,1
59,semantic,Tack_Nail,90,NA
60,semantic,Tack_Nail,80,1
61,semantic,Tack_Nail,60,1
62,semantic,Tack_Nail,90,1
63,semantic,Tack_Nail,100,1
64,semantic,Tack_Nail,5,0
65,semantic,Tack_Nail,80,0
66,semantic,Tack_Nail,80,0
67,semantic,Tack_Nail,40,1
68,semantic,Tack_Nail,100,1
69,semantic,Tack_Nail,25,0
46,semantic,Jesus_Christ,85,1
47,semantic,Jesus_Christ,100,1
48,semantic,Jesus_Christ,100,1
49,semantic,Jesus_Christ,90,1
50,semantic,Jesus_Christ,90,1
51,semantic,Jesus_Christ,99,1
52,semantic,Jesus_Christ,90,1
53,semantic,Jesus_Christ,100,1
54,semantic,Jesus_Christ,90,1
55,semantic,Jesus_Christ,80,1
56,semantic,Jesus_Christ,100,1
57,semantic,Jesus_Christ,100,1
58,semantic,Jesus_Christ,100,1
59,semantic,Jesus_Christ,100,1
60,semantic,Jesus_Christ,100,1
61,semantic,Jesus_Christ,100,1
62,semantic,Jesus_Christ,95,0
63,semantic,Jesus_Christ,100,1
64,semantic,Jesus_Christ,100,1
65,semantic,Jesus_Christ,100,1
66,semantic,Jesus_Christ,100,1
67,semantic,Jesus_Christ,95,1
68,semantic,Jesus_Christ,100,1
69,semantic,Jesus_Christ,100,1
46,semantic,Cherry_Apple,55,0
47,semantic,Cherry_Apple,30,0
48,semantic,Cherry_Apple,0,0
49,semantic,Cherry_Apple,60,0
50,semantic,Cherry_Apple,40,0
51,semantic,Cherry_Apple,90,0
52,semantic,Cherry_Apple,30,1
53,semantic,Cherry_Apple,50,0
54,semantic,Cherry_Apple,40,0
55,semantic,Cherry_Apple,90,0
56,semantic,Cherry_Apple,100,1
57,semantic,Cherry_Apple,30,0
58,semantic,Cherry_Apple,80,0
59,semantic,Cherry_Apple,40,1
60,semantic,Cherry_Apple,50,0
61,semantic,Cherry_Apple,60,0
62,semantic,Cherry_Apple,20,0
63,semantic,Cherry_Apple,90,1
64,semantic,Cherry_Apple,100,1
65,semantic,Cherry_Apple,60,1
66,semantic,Cherry_Apple,60,1
67,semantic,Cherry_Apple,10,0
68,semantic,Cherry_Apple,100,0
69,semantic,Cherry_Apple,85,0
46,semantic,Dust_Clean,75,1
47,semantic,Dust_Clean,40,0
48,semantic,Dust_Clean,90,1
49,semantic,Dust_Clean,50,0
50,semantic,Dust_Clean,15,1
51,semantic,Dust_Clean,98,0
52,semantic,Dust_Clean,80,1
53,semantic,Dust_Clean,100,0
54,semantic,Dust_Clean,60,1
55,semantic,Dust_Clean,60,1
56,semantic,Dust_Clean,100,1
57,semantic,Dust_Clean,30,1
58,semantic,Dust_Clean,95,1
59,semantic,Dust_Clean,40,1
60,semantic,Dust_Clean,0,0
61,semantic,Dust_Clean,20,1
62,semantic,Dust_Clean,60,0
63,semantic,Dust_Clean,100,1
64,semantic,Dust_Clean,50,1
65,semantic,Dust_Clean,0,1
66,semantic,Dust_Clean,50,1
67,semantic,Dust_Clean,30,0
68,semantic,Dust_Clean,100,1
69,semantic,Dust_Clean,85,0
46,semantic,Blonde_Brown,30,1
47,semantic,Blonde_Brown,40,1
48,semantic,Blonde_Brown,0,1
49,semantic,Blonde_Brown,50,1
50,semantic,Blonde_Brown,20,1
51,semantic,Blonde_Brown,80,0
52,semantic,Blonde_Brown,30,0
53,semantic,Blonde_Brown,50,1
54,semantic,Blonde_Brown,10,1
55,semantic,Blonde_Brown,80,1
56,semantic,Blonde_Brown,100,1
57,semantic,Blonde_Brown,10,1
58,semantic,Blonde_Brown,50,0
59,semantic,Blonde_Brown,60,1
60,semantic,Blonde_Brown,50,1
61,semantic,Blonde_Brown,70,0
62,semantic,Blonde_Brown,50,0
63,semantic,Blonde_Brown,100,1
64,semantic,Blonde_Brown,75,1
65,semantic,Blonde_Brown,100,1
66,semantic,Blonde_Brown,75,1
67,semantic,Blonde_Brown,0,1
68,semantic,Blonde_Brown,100,1
69,semantic,Blonde_Brown,50,0
46,semantic,Bottle_Jar,60,1
47,semantic,Bottle_Jar,30,0
48,semantic,Bottle_Jar,40,1
49,semantic,Bottle_Jar,70,0
50,semantic,Bottle_Jar,80,1
51,semantic,Bottle_Jar,90,0
52,semantic,Bottle_Jar,80,1
53,semantic,Bottle_Jar,99,1
54,semantic,Bottle_Jar,70,1
55,semantic,Bottle_Jar,60,1
56,semantic,Bottle_Jar,100,1
57,semantic,Bottle_Jar,20,1
58,semantic,Bottle_Jar,60,1
59,semantic,Bottle_Jar,90,1
60,semantic,Bottle_Jar,70,1
61,semantic,Bottle_Jar,80,1
62,semantic,Bottle_Jar,80,0
63,semantic,Bottle_Jar,100,1
64,semantic,Bottle_Jar,50,0
65,semantic,Bottle_Jar,100,1
66,semantic,Bottle_Jar,70,1
67,semantic,Bottle_Jar,50,0
68,semantic,Bottle_Jar,100,1
69,semantic,Bottle_Jar,85,1
46,semantic,Green_Yellow,45,1
47,semantic,Green_Yellow,40,1
48,semantic,Green_Yellow,0,0
49,semantic,Green_Yellow,50,0
50,semantic,Green_Yellow,20,1
51,semantic,Green_Yellow,95,0
52,semantic,Green_Yellow,70,0
53,semantic,Green_Yellow,50,1
54,semantic,Green_Yellow,10,1
55,semantic,Green_Yellow,50,0
56,semantic,Green_Yellow,100,1
57,semantic,Green_Yellow,10,0
58,semantic,Green_Yellow,80,0
59,semantic,Green_Yellow,30,1
60,semantic,Green_Yellow,50,0
61,semantic,Green_Yellow,50,1
62,semantic,Green_Yellow,50,0
63,semantic,Green_Yellow,70,1
64,semantic,Green_Yellow,75,1
65,semantic,Green_Yellow,0,1
66,semantic,Green_Yellow,60,0
67,semantic,Green_Yellow,40,0
68,semantic,Green_Yellow,50,1
69,semantic,Green_Yellow,75,0
46,semantic,Idea_Mind,55,0
47,semantic,Idea_Mind,50,0
48,semantic,Idea_Mind,100,1
49,semantic,Idea_Mind,50,1
50,semantic,Idea_Mind,50,0
51,semantic,Idea_Mind,80,0
52,semantic,Idea_Mind,90,0
53,semantic,Idea_Mind,100,0
54,semantic,Idea_Mind,70,1
55,semantic,Idea_Mind,90,1
56,semantic,Idea_Mind,100,1
57,semantic,Idea_Mind,100,1
58,semantic,Idea_Mind,60,1
59,semantic,Idea_Mind,100,1
60,semantic,Idea_Mind,50,0
61,semantic,Idea_Mind,70,1
62,semantic,Idea_Mind,75,1
63,semantic,Idea_Mind,100,1
64,semantic,Idea_Mind,75,1
65,semantic,Idea_Mind,40,1
66,semantic,Idea_Mind,95,0
67,semantic,Idea_Mind,80,0
68,semantic,Idea_Mind,100,1
69,semantic,Idea_Mind,90,0
70,thematic,Crown_Jewel,100,0
71,thematic,Crown_Jewel,100,0
72,thematic,Crown_Jewel,100,1
73,thematic,Crown_Jewel,100,1
74,thematic,Crown_Jewel,60,0
75,thematic,Crown_Jewel,100,1
76,thematic,Crown_Jewel,100,1
77,thematic,Crown_Jewel,100,0
78,thematic,Crown_Jewel,100,1
79,thematic,Crown_Jewel,85,1
80,thematic,Crown_Jewel,95,1
81,thematic,Crown_Jewel,32,0
82,thematic,Crown_Jewel,50,0
83,thematic,Crown_Jewel,80,1
84,thematic,Crown_Jewel,NA,NA
85,thematic,Crown_Jewel,70,0
86,thematic,Crown_Jewel,100,1
87,thematic,Crown_Jewel,85,1
88,thematic,Crown_Jewel,60,1
89,thematic,Crown_Jewel,100,0
90,thematic,Crown_Jewel,99,0
91,thematic,Crown_Jewel,80,1
92,thematic,Crown_Jewel,87,1
93,thematic,Crown_Jewel,100,0
94,thematic,Crown_Jewel,100,NA
95,thematic,Crown_Jewel,90,0
96,thematic,Crown_Jewel,70,1
97,thematic,Crown_Jewel,75,1
98,thematic,Crown_Jewel,90,1
99,thematic,Crown_Jewel,60,0
100,thematic,Crown_Jewel,75,1
101,thematic,Crown_Jewel,80,0
102,thematic,Crown_Jewel,50,0
103,thematic,Crown_Jewel,30,0
104,thematic,Crown_Jewel,NA,0
105,thematic,Crown_Jewel,90,0
106,thematic,Crown_Jewel,NA,NA
107,thematic,Crown_Jewel,78,1
108,thematic,Crown_Jewel,75,1
109,thematic,Crown_Jewel,100,1
110,thematic,Crown_Jewel,100,1
111,thematic,Crown_Jewel,100,1
112,thematic,Crown_Jewel,100,1
70,thematic,Cushion_Couch,100,0
71,thematic,Cushion_Couch,80,0
72,thematic,Cushion_Couch,100,1
73,thematic,Cushion_Couch,100,1
74,thematic,Cushion_Couch,60,0
75,thematic,Cushion_Couch,100,1
76,thematic,Cushion_Couch,100,0
77,thematic,Cushion_Couch,100,0
78,thematic,Cushion_Couch,80,0
79,thematic,Cushion_Couch,80,1
80,thematic,Cushion_Couch,85,0
81,thematic,Cushion_Couch,76,1
82,thematic,Cushion_Couch,50,1
83,thematic,Cushion_Couch,100,1
84,thematic,Cushion_Couch,NA,NA
85,thematic,Cushion_Couch,80,1
86,thematic,Cushion_Couch,100,1
87,thematic,Cushion_Couch,85,0
88,thematic,Cushion_Couch,100,1
89,thematic,Cushion_Couch,100,0
90,thematic,Cushion_Couch,95,1
91,thematic,Cushion_Couch,90,0
92,thematic,Cushion_Couch,99,1
93,thematic,Cushion_Couch,100,0
94,thematic,Cushion_Couch,100,1
95,thematic,Cushion_Couch,80,0
96,thematic,Cushion_Couch,80,1
97,thematic,Cushion_Couch,35,1
98,thematic,Cushion_Couch,95,1
99,thematic,Cushion_Couch,90,0
100,thematic,Cushion_Couch,50,1
101,thematic,Cushion_Couch,60,1
102,thematic,Cushion_Couch,70,0
103,thematic,Cushion_Couch,40,0
104,thematic,Cushion_Couch,NA,1
105,thematic,Cushion_Couch,60,1
106,thematic,Cushion_Couch,NA,0
107,thematic,Cushion_Couch,85,1
108,thematic,Cushion_Couch,95,1
109,thematic,Cushion_Couch,0,0
110,thematic,Cushion_Couch,100,1
111,thematic,Cushion_Couch,100,1
112,thematic,Cushion_Couch,100,0
70,thematic,Torch_Olympic,100,0
71,thematic,Torch_Olympic,100,0
72,thematic,Torch_Olympic,100,0
73,thematic,Torch_Olympic,100,0
74,thematic,Torch_Olympic,50,0
75,thematic,Torch_Olympic,90,0
76,thematic,Torch_Olympic,90,0
77,thematic,Torch_Olympic,100,0
78,thematic,Torch_Olympic,90,0
79,thematic,Torch_Olympic,100,1
80,thematic,Torch_Olympic,90,1
81,thematic,Torch_Olympic,70,0
82,thematic,Torch_Olympic,50,1
83,thematic,Torch_Olympic,90,1
84,thematic,Torch_Olympic,NA,NA
85,thematic,Torch_Olympic,40,1
86,thematic,Torch_Olympic,100,0
87,thematic,Torch_Olympic,95,1
88,thematic,Torch_Olympic,100,1
89,thematic,Torch_Olympic,100,1
90,thematic,Torch_Olympic,100,0
91,thematic,Torch_Olympic,75,0
92,thematic,Torch_Olympic,95,0
93,thematic,Torch_Olympic,100,0
94,thematic,Torch_Olympic,100,NA
95,thematic,Torch_Olympic,75,0
96,thematic,Torch_Olympic,80,1
97,thematic,Torch_Olympic,80,1
98,thematic,Torch_Olympic,85,0
99,thematic,Torch_Olympic,80,0
100,thematic,Torch_Olympic,100,1
101,thematic,Torch_Olympic,70,0
102,thematic,Torch_Olympic,100,1
103,thematic,Torch_Olympic,30,0
104,thematic,Torch_Olympic,NA,1
105,thematic,Torch_Olympic,70,1
106,thematic,Torch_Olympic,NA,0
107,thematic,Torch_Olympic,85,0
108,thematic,Torch_Olympic,85,1
109,thematic,Torch_Olympic,100,0
110,thematic,Torch_Olympic,100,1
111,thematic,Torch_Olympic,100,1
112,thematic,Torch_Olympic,100,0
70,thematic,Force_Air,100,1
71,thematic,Force_Air,35,0
72,thematic,Force_Air,50,1
73,thematic,Force_Air,0,1
74,thematic,Force_Air,50,0
75,thematic,Force_Air,50,1
76,thematic,Force_Air,0,1
77,thematic,Force_Air,100,0
78,thematic,Force_Air,100,0
79,thematic,Force_Air,60,1
80,thematic,Force_Air,95,1
81,thematic,Force_Air,31,0
82,thematic,Force_Air,40,1
83,thematic,Force_Air,30,1
84,thematic,Force_Air,NA,NA
85,thematic,Force_Air,50,1
86,thematic,Force_Air,50,1
87,thematic,Force_Air,25,1
88,thematic,Force_Air,70,0
89,thematic,Force_Air,90,0
90,thematic,Force_Air,25,0
91,thematic,Force_Air,60,0
92,thematic,Force_Air,90,1
93,thematic,Force_Air,100,1
94,thematic,Force_Air,100,NA
95,thematic,Force_Air,10,1
96,thematic,Force_Air,85,1
97,thematic,Force_Air,55,1
98,thematic,Force_Air,70,0
99,thematic,Force_Air,60,0
100,thematic,Force_Air,75,1
101,thematic,Force_Air,70,1
102,thematic,Force_Air,40,0
103,thematic,Force_Air,80,1
104,thematic,Force_Air,NA,1
105,thematic,Force_Air,55,1
106,thematic,Force_Air,NA,1
107,thematic,Force_Air,62,0
108,thematic,Force_Air,50,0
109,thematic,Force_Air,100,1
110,thematic,Force_Air,100,1
111,thematic,Force_Air,90,1
112,thematic,Force_Air,10,1
70,thematic,Jump_Leap,100,0
71,thematic,Jump_Leap,20,1
72,thematic,Jump_Leap,100,1
73,thematic,Jump_Leap,100,1
74,thematic,Jump_Leap,60,0
75,thematic,Jump_Leap,100,0
76,thematic,Jump_Leap,100,1
77,thematic,Jump_Leap,100,1
78,thematic,Jump_Leap,90,1
79,thematic,Jump_Leap,90,NA
80,thematic,Jump_Leap,100,1
81,thematic,Jump_Leap,85,1
82,thematic,Jump_Leap,70,0
83,thematic,Jump_Leap,100,1
84,thematic,Jump_Leap,NA,NA
85,thematic,Jump_Leap,70,0
86,thematic,Jump_Leap,100,0
87,thematic,Jump_Leap,95,1
88,thematic,Jump_Leap,100,0
89,thematic,Jump_Leap,100,1
90,thematic,Jump_Leap,75,1
91,thematic,Jump_Leap,95,1
92,thematic,Jump_Leap,96,1
93,thematic,Jump_Leap,100,0
94,thematic,Jump_Leap,100,NA
95,thematic,Jump_Leap,85,1
96,thematic,Jump_Leap,95,1
97,thematic,Jump_Leap,50,1
98,thematic,Jump_Leap,90,0
99,thematic,Jump_Leap,70,1
100,thematic,Jump_Leap,25,0
101,thematic,Jump_Leap,70,0
102,thematic,Jump_Leap,50,0
103,thematic,Jump_Leap,20,0
104,thematic,Jump_Leap,NA,0
105,thematic,Jump_Leap,65,1
106,thematic,Jump_Leap,NA,0
107,thematic,Jump_Leap,90,1
108,thematic,Jump_Leap,100,1
109,thematic,Jump_Leap,100,NA
110,thematic,Jump_Leap,100,1
111,thematic,Jump_Leap,0,1
112,thematic,Jump_Leap,100,0
70,thematic,Strap_Buckle,50,0
71,thematic,Strap_Buckle,75,0
72,thematic,Strap_Buckle,100,0
73,thematic,Strap_Buckle,100,1
74,thematic,Strap_Buckle,60,0
75,thematic,Strap_Buckle,90,1
76,thematic,Strap_Buckle,100,0
77,thematic,Strap_Buckle,100,0
78,thematic,Strap_Buckle,NA,0
79,thematic,Strap_Buckle,65,NA
80,thematic,Strap_Buckle,90,0
81,thematic,Strap_Buckle,89,1
82,thematic,Strap_Buckle,100,0
83,thematic,Strap_Buckle,100,0
84,thematic,Strap_Buckle,NA,NA
85,thematic,Strap_Buckle,90,0
86,thematic,Strap_Buckle,100,0
87,thematic,Strap_Buckle,90,0
88,thematic,Strap_Buckle,80,0
89,thematic,Strap_Buckle,100,1
90,thematic,Strap_Buckle,65,1
91,thematic,Strap_Buckle,70,1
92,thematic,Strap_Buckle,85,0
93,thematic,Strap_Buckle,100,1
94,thematic,Strap_Buckle,100,1
95,thematic,Strap_Buckle,50,1
96,thematic,Strap_Buckle,85,0
97,thematic,Strap_Buckle,70,0
98,thematic,Strap_Buckle,80,0
99,thematic,Strap_Buckle,30,1
100,thematic,Strap_Buckle,75,0
101,thematic,Strap_Buckle,50,1
102,thematic,Strap_Buckle,50,0
103,thematic,Strap_Buckle,40,0
104,thematic,Strap_Buckle,NA,0
105,thematic,Strap_Buckle,80,1
106,thematic,Strap_Buckle,NA,0
107,thematic,Strap_Buckle,9,1
108,thematic,Strap_Buckle,75,1
109,thematic,Strap_Buckle,100,0
110,thematic,Strap_Buckle,100,1
111,thematic,Strap_Buckle,100,1
112,thematic,Strap_Buckle,100,1
70,thematic,Politics_Government,100,1
71,thematic,Politics_Government,100,0
72,thematic,Politics_Government,100,1
73,thematic,Politics_Government,100,1
74,thematic,Politics_Government,50,0
75,thematic,Politics_Government,100,1
76,thematic,Politics_Government,100,1
77,thematic,Politics_Government,100,0
78,thematic,Politics_Government,100,1
79,thematic,Politics_Government,100,1
80,thematic,Politics_Government,95,1
81,thematic,Politics_Government,89,1
82,thematic,Politics_Government,90,1
83,thematic,Politics_Government,100,0
84,thematic,Politics_Government,NA,NA
85,thematic,Politics_Government,60,1
86,thematic,Politics_Government,100,0
87,thematic,Politics_Government,95,0
88,thematic,Politics_Government,100,0
89,thematic,Politics_Government,100,1
90,thematic,Politics_Government,99,1
91,thematic,Politics_Government,95,1
92,thematic,Politics_Government,97,1
93,thematic,Politics_Government,100,1
94,thematic,Politics_Government,100,NA
95,thematic,Politics_Government,90,1
96,thematic,Politics_Government,95,1
97,thematic,Politics_Government,90,1
98,thematic,Politics_Government,95,0
99,thematic,Politics_Government,100,1
100,thematic,Politics_Government,100,1
101,thematic,Politics_Government,90,1
102,thematic,Politics_Government,100,1
103,thematic,Politics_Government,60,0
104,thematic,Politics_Government,NA,1
105,thematic,Politics_Government,80,1
106,thematic,Politics_Government,NA,NA
107,thematic,Politics_Government,78,1
108,thematic,Politics_Government,95,1
109,thematic,Politics_Government,100,0
110,thematic,Politics_Government,100,1
111,thematic,Politics_Government,100,1
112,thematic,Politics_Government,100,0
70,thematic,Calf_Cow,100,1
71,thematic,Calf_Cow,65,1
72,thematic,Calf_Cow,100,1
73,thematic,Calf_Cow,100,1
74,thematic,Calf_Cow,60,1
75,thematic,Calf_Cow,100,1
76,thematic,Calf_Cow,100,1
77,thematic,Calf_Cow,100,1
78,thematic,Calf_Cow,100,1
79,thematic,Calf_Cow,90,1
80,thematic,Calf_Cow,95,1
81,thematic,Calf_Cow,100,1
82,thematic,Calf_Cow,80,1
83,thematic,Calf_Cow,100,1
84,thematic,Calf_Cow,NA,NA
85,thematic,Calf_Cow,90,1
86,thematic,Calf_Cow,0,1
87,thematic,Calf_Cow,90,1
88,thematic,Calf_Cow,100,1
89,thematic,Calf_Cow,90,1
90,thematic,Calf_Cow,100,1
91,thematic,Calf_Cow,95,0
92,thematic,Calf_Cow,94,1
93,thematic,Calf_Cow,100,1
94,thematic,Calf_Cow,100,1
95,thematic,Calf_Cow,95,1
96,thematic,Calf_Cow,100,1
97,thematic,Calf_Cow,70,1
98,thematic,Calf_Cow,80,1
99,thematic,Calf_Cow,80,1
100,thematic,Calf_Cow,100,1
101,thematic,Calf_Cow,80,1
102,thematic,Calf_Cow,80,1
103,thematic,Calf_Cow,40,0
104,thematic,Calf_Cow,NA,0
105,thematic,Calf_Cow,90,1
106,thematic,Calf_Cow,NA,NA
107,thematic,Calf_Cow,91,1
108,thematic,Calf_Cow,90,1
109,thematic,Calf_Cow,100,1
110,thematic,Calf_Cow,100,1
111,thematic,Calf_Cow,100,1
112,thematic,Calf_Cow,100,1
70,thematic,Rain_Wet,100,0
71,thematic,Rain_Wet,60,0
72,thematic,Rain_Wet,100,1
73,thematic,Rain_Wet,100,1
74,thematic,Rain_Wet,55,0
75,thematic,Rain_Wet,100,0
76,thematic,Rain_Wet,100,1
77,thematic,Rain_Wet,100,0
78,thematic,Rain_Wet,100,1
79,thematic,Rain_Wet,100,0
80,thematic,Rain_Wet,100,1
81,thematic,Rain_Wet,75,1
82,thematic,Rain_Wet,80,1
83,thematic,Rain_Wet,100,1
84,thematic,Rain_Wet,NA,NA
85,thematic,Rain_Wet,90,1
86,thematic,Rain_Wet,100,1
87,thematic,Rain_Wet,90,1
88,thematic,Rain_Wet,100,1
89,thematic,Rain_Wet,100,0
90,thematic,Rain_Wet,100,1
91,thematic,Rain_Wet,80,0
92,thematic,Rain_Wet,100,1
93,thematic,Rain_Wet,100,0
94,thematic,Rain_Wet,100,NA
95,thematic,Rain_Wet,100,0
96,thematic,Rain_Wet,95,1
97,thematic,Rain_Wet,85,1
98,thematic,Rain_Wet,95,1
99,thematic,Rain_Wet,60,0
100,thematic,Rain_Wet,100,1
101,thematic,Rain_Wet,90,1
102,thematic,Rain_Wet,100,1
103,thematic,Rain_Wet,70,0
104,thematic,Rain_Wet,NA,0
105,thematic,Rain_Wet,65,1
106,thematic,Rain_Wet,NA,NA
107,thematic,Rain_Wet,92,1
108,thematic,Rain_Wet,85,0
109,thematic,Rain_Wet,100,1
110,thematic,Rain_Wet,100,1
111,thematic,Rain_Wet,100,1
112,thematic,Rain_Wet,100,0
70,thematic,Sack_Bag,50,0
71,thematic,Sack_Bag,60,0
72,thematic,Sack_Bag,100,1
73,thematic,Sack_Bag,100,1
74,thematic,Sack_Bag,50,1
75,thematic,Sack_Bag,100,0
76,thematic,Sack_Bag,100,1
77,thematic,Sack_Bag,100,1
78,thematic,Sack_Bag,90,0
79,thematic,Sack_Bag,90,1
80,thematic,Sack_Bag,100,1
81,thematic,Sack_Bag,49,1
82,thematic,Sack_Bag,80,0
83,thematic,Sack_Bag,100,1
84,thematic,Sack_Bag,NA,NA
85,thematic,Sack_Bag,90,1
86,thematic,Sack_Bag,100,1
87,thematic,Sack_Bag,90,1
88,thematic,Sack_Bag,100,1
89,thematic,Sack_Bag,100,1
90,thematic,Sack_Bag,65,1
91,thematic,Sack_Bag,95,1
92,thematic,Sack_Bag,100,1
93,thematic,Sack_Bag,100,1
94,thematic,Sack_Bag,100,NA
95,thematic,Sack_Bag,90,1
96,thematic,Sack_Bag,95,1
97,thematic,Sack_Bag,40,1
98,thematic,Sack_Bag,85,1
99,thematic,Sack_Bag,70,0
100,thematic,Sack_Bag,100,1
101,thematic,Sack_Bag,60,1
102,thematic,Sack_Bag,40,1
103,thematic,Sack_Bag,80,1
104,thematic,Sack_Bag,NA,1
105,thematic,Sack_Bag,60,1
106,thematic,Sack_Bag,NA,0
107,thematic,Sack_Bag,69,1
108,thematic,Sack_Bag,100,1
109,thematic,Sack_Bag,100,1
110,thematic,Sack_Bag,100,1
111,thematic,Sack_Bag,100,1
112,thematic,Sack_Bag,50,1
70,thematic,Cheese_Bread,50,0
71,thematic,Cheese_Bread,100,0
72,thematic,Cheese_Bread,100,1
73,thematic,Cheese_Bread,0,1
74,thematic,Cheese_Bread,30,1
75,thematic,Cheese_Bread,70,0
76,thematic,Cheese_Bread,50,1
77,thematic,Cheese_Bread,100,1
78,thematic,Cheese_Bread,50,0
79,thematic,Cheese_Bread,65,NA
80,thematic,Cheese_Bread,80,0
81,thematic,Cheese_Bread,2,1
82,thematic,Cheese_Bread,50,0
83,thematic,Cheese_Bread,50,0
84,thematic,Cheese_Bread,NA,NA
85,thematic,Cheese_Bread,60,1
86,thematic,Cheese_Bread,10,1
87,thematic,Cheese_Bread,75,1
88,thematic,Cheese_Bread,50,0
89,thematic,Cheese_Bread,100,1
90,thematic,Cheese_Bread,69,0
91,thematic,Cheese_Bread,90,0
92,thematic,Cheese_Bread,67,1
93,thematic,Cheese_Bread,50,1
94,thematic,Cheese_Bread,0,NA
95,thematic,Cheese_Bread,5,0
96,thematic,Cheese_Bread,70,0
97,thematic,Cheese_Bread,60,1
98,thematic,Cheese_Bread,95,0
99,thematic,Cheese_Bread,40,0
100,thematic,Cheese_Bread,75,1
101,thematic,Cheese_Bread,60,1
102,thematic,Cheese_Bread,75,1
103,thematic,Cheese_Bread,60,1
104,thematic,Cheese_Bread,NA,1
105,thematic,Cheese_Bread,80,1
106,thematic,Cheese_Bread,NA,NA
107,thematic,Cheese_Bread,8,1
108,thematic,Cheese_Bread,95,0
109,thematic,Cheese_Bread,100,1
110,thematic,Cheese_Bread,100,1
111,thematic,Cheese_Bread,100,1
112,thematic,Cheese_Bread,100,1
70,thematic,Cape_Coat,50,0
71,thematic,Cape_Coat,40,0
72,thematic,Cape_Coat,100,1
73,thematic,Cape_Coat,0,1
74,thematic,Cape_Coat,55,0
75,thematic,Cape_Coat,80,1
76,thematic,Cape_Coat,75,1
77,thematic,Cape_Coat,60,1
78,thematic,Cape_Coat,75,1
79,thematic,Cape_Coat,55,1
80,thematic,Cape_Coat,90,1
81,thematic,Cape_Coat,60,1
82,thematic,Cape_Coat,50,1
83,thematic,Cape_Coat,50,1
84,thematic,Cape_Coat,NA,NA
85,thematic,Cape_Coat,0,0
86,thematic,Cape_Coat,50,0
87,thematic,Cape_Coat,25,1
88,thematic,Cape_Coat,30,1
89,thematic,Cape_Coat,60,0
90,thematic,Cape_Coat,55,1
91,thematic,Cape_Coat,90,1
92,thematic,Cape_Coat,64,1
93,thematic,Cape_Coat,50,0
94,thematic,Cape_Coat,100,1
95,thematic,Cape_Coat,50,1
96,thematic,Cape_Coat,80,0
97,thematic,Cape_Coat,5,1
98,thematic,Cape_Coat,80,1
99,thematic,Cape_Coat,0,1
100,thematic,Cape_Coat,50,0
101,thematic,Cape_Coat,70,0
102,thematic,Cape_Coat,50,0
103,thematic,Cape_Coat,50,0
104,thematic,Cape_Coat,NA,0
105,thematic,Cape_Coat,50,1
106,thematic,Cape_Coat,NA,NA
107,thematic,Cape_Coat,8,1
108,thematic,Cape_Coat,65,1
109,thematic,Cape_Coat,0,0
110,thematic,Cape_Coat,100,1
111,thematic,Cape_Coat,100,1
112,thematic,Cape_Coat,100,0
70,thematic,Cook_Kitchen,50,0
71,thematic,Cook_Kitchen,100,0
72,thematic,Cook_Kitchen,100,1
73,thematic,Cook_Kitchen,100,1
74,thematic,Cook_Kitchen,50,0
75,thematic,Cook_Kitchen,100,1
76,thematic,Cook_Kitchen,100,1
77,thematic,Cook_Kitchen,100,0
78,thematic,Cook_Kitchen,90,1
79,thematic,Cook_Kitchen,100,0
80,thematic,Cook_Kitchen,100,1
81,thematic,Cook_Kitchen,34,1
82,thematic,Cook_Kitchen,90,1
83,thematic,Cook_Kitchen,100,1
84,thematic,Cook_Kitchen,NA,NA
85,thematic,Cook_Kitchen,90,1
86,thematic,Cook_Kitchen,100,1
87,thematic,Cook_Kitchen,80,1
88,thematic,Cook_Kitchen,100,0
89,thematic,Cook_Kitchen,100,1
90,thematic,Cook_Kitchen,100,1
91,thematic,Cook_Kitchen,95,0
92,thematic,Cook_Kitchen,91,1
93,thematic,Cook_Kitchen,100,0
94,thematic,Cook_Kitchen,100,NA
95,thematic,Cook_Kitchen,90,0
96,thematic,Cook_Kitchen,95,1
97,thematic,Cook_Kitchen,80,1
98,thematic,Cook_Kitchen,100,0
99,thematic,Cook_Kitchen,60,0
100,thematic,Cook_Kitchen,100,1
101,thematic,Cook_Kitchen,90,1
102,thematic,Cook_Kitchen,100,1
103,thematic,Cook_Kitchen,90,1
104,thematic,Cook_Kitchen,NA,1
105,thematic,Cook_Kitchen,100,1
106,thematic,Cook_Kitchen,NA,NA
107,thematic,Cook_Kitchen,74,1
108,thematic,Cook_Kitchen,95,0
109,thematic,Cook_Kitchen,100,1
110,thematic,Cook_Kitchen,100,1
111,thematic,Cook_Kitchen,90,1
112,thematic,Cook_Kitchen,100,0
70,thematic,Asia_Africa,50,0
71,thematic,Asia_Africa,100,0
72,thematic,Asia_Africa,75,1
73,thematic,Asia_Africa,0,1
74,thematic,Asia_Africa,35,1
75,thematic,Asia_Africa,100,1
76,thematic,Asia_Africa,0,1
77,thematic,Asia_Africa,100,1
78,thematic,Asia_Africa,25,1
79,thematic,Asia_Africa,90,0
80,thematic,Asia_Africa,70,1
81,thematic,Asia_Africa,50,1
82,thematic,Asia_Africa,80,1
83,thematic,Asia_Africa,20,0
84,thematic,Asia_Africa,NA,NA
85,thematic,Asia_Africa,0,1
86,thematic,Asia_Africa,50,0
87,thematic,Asia_Africa,10,1
88,thematic,Asia_Africa,60,1
89,thematic,Asia_Africa,100,0
90,thematic,Asia_Africa,0,1
91,thematic,Asia_Africa,80,0
92,thematic,Asia_Africa,55,1
93,thematic,Asia_Africa,75,1
94,thematic,Asia_Africa,100,NA
95,thematic,Asia_Africa,20,1
96,thematic,Asia_Africa,75,1
97,thematic,Asia_Africa,10,1
98,thematic,Asia_Africa,85,1
99,thematic,Asia_Africa,50,1
100,thematic,Asia_Africa,100,1
101,thematic,Asia_Africa,90,1
102,thematic,Asia_Africa,75,1
103,thematic,Asia_Africa,20,0
104,thematic,Asia_Africa,NA,1
105,thematic,Asia_Africa,60,1
106,thematic,Asia_Africa,NA,NA
107,thematic,Asia_Africa,24,1
108,thematic,Asia_Africa,70,1
109,thematic,Asia_Africa,100,0
110,thematic,Asia_Africa,50,1
111,thematic,Asia_Africa,60,1
112,thematic,Asia_Africa,100,0
70,thematic,There_Here,100,1
71,thematic,There_Here,50,0
72,thematic,There_Here,100,1
73,thematic,There_Here,100,1
74,thematic,There_Here,30,0
75,thematic,There_Here,100,1
76,thematic,There_Here,100,1
77,thematic,There_Here,100,1
78,thematic,There_Here,75,1
79,thematic,There_Here,90,1
80,thematic,There_Here,85,1
81,thematic,There_Here,100,1
82,thematic,There_Here,80,1
83,thematic,There_Here,50,1
84,thematic,There_Here,NA,NA
85,thematic,There_Here,80,1
86,thematic,There_Here,100,1
87,thematic,There_Here,10,1
88,thematic,There_Here,50,1
89,thematic,There_Here,70,1
90,thematic,There_Here,85,1
91,thematic,There_Here,70,1
92,thematic,There_Here,75,1
93,thematic,There_Here,100,1
94,thematic,There_Here,0,1
95,thematic,There_Here,40,1
96,thematic,There_Here,20,1
97,thematic,There_Here,70,1
98,thematic,There_Here,90,0
99,thematic,There_Here,100,1
100,thematic,There_Here,75,1
101,thematic,There_Here,60,1
102,thematic,There_Here,50,1
103,thematic,There_Here,60,0
104,thematic,There_Here,NA,1
105,thematic,There_Here,80,1
106,thematic,There_Here,NA,NA
107,thematic,There_Here,80,1
108,thematic,There_Here,75,1
109,thematic,There_Here,100,1
110,thematic,There_Here,100,1
111,thematic,There_Here,70,1
112,thematic,There_Here,75,1
70,thematic,Brother_Sister,100,1
71,thematic,Brother_Sister,100,1
72,thematic,Brother_Sister,100,1
73,thematic,Brother_Sister,100,1
74,thematic,Brother_Sister,30,1
75,thematic,Brother_Sister,100,1
76,thematic,Brother_Sister,100,1
77,thematic,Brother_Sister,100,1
78,thematic,Brother_Sister,75,1
79,thematic,Brother_Sister,100,1
80,thematic,Brother_Sister,98,1
81,thematic,Brother_Sister,100,1
82,thematic,Brother_Sister,80,1
83,thematic,Brother_Sister,100,1
84,thematic,Brother_Sister,NA,NA
85,thematic,Brother_Sister,70,1
86,thematic,Brother_Sister,100,1
87,thematic,Brother_Sister,80,1
88,thematic,Brother_Sister,100,1
89,thematic,Brother_Sister,100,1
90,thematic,Brother_Sister,95,1
91,thematic,Brother_Sister,100,1
92,thematic,Brother_Sister,90,1
93,thematic,Brother_Sister,100,1
94,thematic,Brother_Sister,0,NA
95,thematic,Brother_Sister,80,1
96,thematic,Brother_Sister,95,1
97,thematic,Brother_Sister,65,1
98,thematic,Brother_Sister,100,1
99,thematic,Brother_Sister,90,1
100,thematic,Brother_Sister,100,1
101,thematic,Brother_Sister,100,1
102,thematic,Brother_Sister,100,1
103,thematic,Brother_Sister,70,1
104,thematic,Brother_Sister,NA,1
105,thematic,Brother_Sister,100,1
106,thematic,Brother_Sister,NA,1
107,thematic,Brother_Sister,95,1
108,thematic,Brother_Sister,90,1
109,thematic,Brother_Sister,100,1
110,thematic,Brother_Sister,100,1
111,thematic,Brother_Sister,100,1
112,thematic,Brother_Sister,100,1
70,thematic,Adolescent_Juvenile,100,0
71,thematic,Adolescent_Juvenile,30,0
72,thematic,Adolescent_Juvenile,100,1
73,thematic,Adolescent_Juvenile,100,1
74,thematic,Adolescent_Juvenile,50,0
75,thematic,Adolescent_Juvenile,100,0
76,thematic,Adolescent_Juvenile,100,1
77,thematic,Adolescent_Juvenile,100,1
78,thematic,Adolescent_Juvenile,100,0
79,thematic,Adolescent_Juvenile,100,0
80,thematic,Adolescent_Juvenile,100,0
81,thematic,Adolescent_Juvenile,99,0
82,thematic,Adolescent_Juvenile,80,1
83,thematic,Adolescent_Juvenile,100,0
84,thematic,Adolescent_Juvenile,NA,NA
85,thematic,Adolescent_Juvenile,50,0
86,thematic,Adolescent_Juvenile,100,0
87,thematic,Adolescent_Juvenile,100,0
88,thematic,Adolescent_Juvenile,100,1
89,thematic,Adolescent_Juvenile,100,0
90,thematic,Adolescent_Juvenile,85,0
91,thematic,Adolescent_Juvenile,90,0
92,thematic,Adolescent_Juvenile,95,1
93,thematic,Adolescent_Juvenile,100,0
94,thematic,Adolescent_Juvenile,100,1
95,thematic,Adolescent_Juvenile,100,0
96,thematic,Adolescent_Juvenile,100,0
97,thematic,Adolescent_Juvenile,65,0
98,thematic,Adolescent_Juvenile,90,0
99,thematic,Adolescent_Juvenile,60,0
100,thematic,Adolescent_Juvenile,50,0
101,thematic,Adolescent_Juvenile,50,1
102,thematic,Adolescent_Juvenile,70,1
103,thematic,Adolescent_Juvenile,50,0
104,thematic,Adolescent_Juvenile,NA,0
105,thematic,Adolescent_Juvenile,85,0
106,thematic,Adolescent_Juvenile,NA,NA
107,thematic,Adolescent_Juvenile,80,1
108,thematic,Adolescent_Juvenile,100,1
109,thematic,Adolescent_Juvenile,100,0
110,thematic,Adolescent_Juvenile,50,0
111,thematic,Adolescent_Juvenile,70,1
112,thematic,Adolescent_Juvenile,100,0
70,thematic,Harp...Piano,50,1
71,thematic,Harp...Piano,20,0
72,thematic,Harp...Piano,80,0
73,thematic,Harp...Piano,0,1
74,thematic,Harp...Piano,30,0
75,thematic,Harp...Piano,100,1
76,thematic,Harp...Piano,40,0
77,thematic,Harp...Piano,100,1
78,thematic,Harp...Piano,50,1
79,thematic,Harp...Piano,75,NA
80,thematic,Harp...Piano,75,0
81,thematic,Harp...Piano,60,1
82,thematic,Harp...Piano,50,0
83,thematic,Harp...Piano,50,0
84,thematic,Harp...Piano,NA,NA
85,thematic,Harp...Piano,30,1
86,thematic,Harp...Piano,0,1
87,thematic,Harp...Piano,20,1
88,thematic,Harp...Piano,50,0
89,thematic,Harp...Piano,100,0
90,thematic,Harp...Piano,50,1
91,thematic,Harp...Piano,80,0
92,thematic,Harp...Piano,65,1
93,thematic,Harp...Piano,100,1
94,thematic,Harp...Piano,0,1
95,thematic,Harp...Piano,10,1
96,thematic,Harp...Piano,60,1
97,thematic,Harp...Piano,20,0
98,thematic,Harp...Piano,80,1
99,thematic,Harp...Piano,10,1
100,thematic,Harp...Piano,50,1
101,thematic,Harp...Piano,50,0
102,thematic,Harp...Piano,30,0
103,thematic,Harp...Piano,40,0
104,thematic,Harp...Piano,NA,0
105,thematic,Harp...Piano,40,1
106,thematic,Harp...Piano,NA,NA
107,thematic,Harp...Piano,44,1
108,thematic,Harp...Piano,75,0
109,thematic,Harp...Piano,100,NA
110,thematic,Harp...Piano,100,1
111,thematic,Harp...Piano,100,1
112,thematic,Harp...Piano,100,1
70,thematic,Bath_Soap,10,0
71,thematic,Bath_Soap,60,0
72,thematic,Bath_Soap,75,1
73,thematic,Bath_Soap,0,0
74,thematic,Bath_Soap,20,0
75,thematic,Bath_Soap,100,0
76,thematic,Bath_Soap,0,1
77,thematic,Bath_Soap,100,0
78,thematic,Bath_Soap,50,1
79,thematic,Bath_Soap,100,0
80,thematic,Bath_Soap,50,1
81,thematic,Bath_Soap,50,0
82,thematic,Bath_Soap,50,0
83,thematic,Bath_Soap,10,1
84,thematic,Bath_Soap,NA,NA
85,thematic,Bath_Soap,0,1
86,thematic,Bath_Soap,0,1
87,thematic,Bath_Soap,25,1
88,thematic,Bath_Soap,20,1
89,thematic,Bath_Soap,100,1
90,thematic,Bath_Soap,50,1
91,thematic,Bath_Soap,95,0
92,thematic,Bath_Soap,30,0
93,thematic,Bath_Soap,100,1
94,thematic,Bath_Soap,1,1
95,thematic,Bath_Soap,2,1
96,thematic,Bath_Soap,70,0
97,thematic,Bath_Soap,10,1
98,thematic,Bath_Soap,70,0
99,thematic,Bath_Soap,30,1
100,thematic,Bath_Soap,100,1
101,thematic,Bath_Soap,40,1
102,thematic,Bath_Soap,80,1
103,thematic,Bath_Soap,10,1
104,thematic,Bath_Soap,NA,0
105,thematic,Bath_Soap,30,1
106,thematic,Bath_Soap,NA,1
107,thematic,Bath_Soap,21,1
108,thematic,Bath_Soap,50,1
109,thematic,Bath_Soap,100,1
110,thematic,Bath_Soap,50,1
111,thematic,Bath_Soap,100,1
112,thematic,Bath_Soap,100,1
70,thematic,Brown_Green,100,1
71,thematic,Brown_Green,100,1
72,thematic,Brown_Green,100,0
73,thematic,Brown_Green,100,0
74,thematic,Brown_Green,50,1
75,thematic,Brown_Green,90,1
76,thematic,Brown_Green,70,1
77,thematic,Brown_Green,100,1
78,thematic,Brown_Green,90,1
79,thematic,Brown_Green,80,0
80,thematic,Brown_Green,95,1
81,thematic,Brown_Green,88,0
82,thematic,Brown_Green,80,0
83,thematic,Brown_Green,100,0
84,thematic,Brown_Green,NA,NA
85,thematic,Brown_Green,90,1
86,thematic,Brown_Green,100,1
87,thematic,Brown_Green,90,1
88,thematic,Brown_Green,100,1
89,thematic,Brown_Green,100,1
90,thematic,Brown_Green,100,0
91,thematic,Brown_Green,90,1
92,thematic,Brown_Green,92,1
93,thematic,Brown_Green,100,1
94,thematic,Brown_Green,100,1
95,thematic,Brown_Green,95,1
96,thematic,Brown_Green,90,0
97,thematic,Brown_Green,85,1
98,thematic,Brown_Green,95,0
99,thematic,Brown_Green,100,0
100,thematic,Brown_Green,25,0
101,thematic,Brown_Green,100,0
102,thematic,Brown_Green,100,1
103,thematic,Brown_Green,30,0
104,thematic,Brown_Green,NA,0
105,thematic,Brown_Green,95,1
106,thematic,Brown_Green,NA,1
107,thematic,Brown_Green,87,1
108,thematic,Brown_Green,85,0
109,thematic,Brown_Green,100,0
110,thematic,Brown_Green,100,1
111,thematic,Brown_Green,100,1
112,thematic,Brown_Green,100,1
70,thematic,Surgery_Blood,100,0
71,thematic,Surgery_Blood,85,1
72,thematic,Surgery_Blood,100,1
73,thematic,Surgery_Blood,0,1
74,thematic,Surgery_Blood,60,0
75,thematic,Surgery_Blood,90,1
76,thematic,Surgery_Blood,100,1
77,thematic,Surgery_Blood,100,0
78,thematic,Surgery_Blood,90,1
79,thematic,Surgery_Blood,100,0
80,thematic,Surgery_Blood,95,1
81,thematic,Surgery_Blood,40,0
82,thematic,Surgery_Blood,80,1
83,thematic,Surgery_Blood,1,0
84,thematic,Surgery_Blood,NA,NA
85,thematic,Surgery_Blood,80,1
86,thematic,Surgery_Blood,100,1
87,thematic,Surgery_Blood,80,1
88,thematic,Surgery_Blood,100,0
89,thematic,Surgery_Blood,100,1
90,thematic,Surgery_Blood,100,1
91,thematic,Surgery_Blood,80,0
92,thematic,Surgery_Blood,80,1
93,thematic,Surgery_Blood,100,0
94,thematic,Surgery_Blood,100,NA
95,thematic,Surgery_Blood,80,0
96,thematic,Surgery_Blood,90,1
97,thematic,Surgery_Blood,95,1
98,thematic,Surgery_Blood,95,1
99,thematic,Surgery_Blood,70,0
100,thematic,Surgery_Blood,25,0
101,thematic,Surgery_Blood,50,1
102,thematic,Surgery_Blood,100,1
103,thematic,Surgery_Blood,30,0
104,thematic,Surgery_Blood,NA,1
105,thematic,Surgery_Blood,90,1
106,thematic,Surgery_Blood,NA,NA
107,thematic,Surgery_Blood,59,1
108,thematic,Surgery_Blood,95,1
109,thematic,Surgery_Blood,100,1
110,thematic,Surgery_Blood,100,1
111,thematic,Surgery_Blood,90,1
112,thematic,Surgery_Blood,100,0
